ten_quan,dia_chi,so_dien_thoai,rating,gio_mo_cua,lat,lon,gia_trung_binh,thuc_don,hinh_anh
Phở Bê Thanh Đa,"21 Hoàng Sa, Đa Kao, Quận 1, Thành phố Hồ Chí Minh 710200, Việt Nam",+84 908 106 263,4.8,Đang mở cửa ⋅ Đóng cửa lúc 21:00,10.7919376,106.7045745,1-100.000 ₫,,https://lh3.googleusercontent.com/gps-cs-s/AG0ilSyixksQDY9ZMWIpWAni-KZIg0u8HvcgVt7A4i0kIcwQu2_vVOsSwehpdRNJEXkvfVPKRfCqrMrYxNmP9jp9dbHWu5xyLdiK_6GsMxBrYuVFbln_3IMzmxyZrQQ_Fu_NUs2X93kx=w122-h92-k-no
Phở Việt Nam,"66 Trần Quốc Toản, Phường Võ Thị Sáu, Quận 3, Thành phố Hồ Chí Minh, Việt Nam",+84 28 3820 1237,4.4,Đang mở cửa ⋅ Đóng cửa lúc 22:00,10.7881865,106.6885695,1-100.000 ₫,,https://lh3.googleusercontent.com/p/AF1QipNNGArRJl3ikCu912yeAGeSejLaQ7skpKeeFp44=w138-h92-k-no
Phở Phú Vương,"120 Nguyễn Thái Bình, Phường Nguyễn Thái Bình, Quận 1, Thành phố Hồ Chí Minh, Việt Nam",+84 931 959 696,4.3,Đang mở cửa ⋅ Đóng cửa lúc 22:00,10.7682808,106.6986019,1-100.000 ₫,,https://lh3.googleusercontent.com/gps-cs-s/AG0ilSwM9dBiaLhltm8NWkT9kQfjEuZ54_EJKUUBoGfJawY0iq9HItbIyh7dd6e5HPZSbpJmzAziWAXV9zZvFvV9e8Dk0lK312Gzk4x21LNoIAaRwXzpLi8oIbTFGO00yboJr_-qH1qD6g=w163-h92-k-no
Phở Việt Nam - best pho in ho chi minh open 24h,"7B Tôn Thất Tùng, Phường Phạm Ngũ Lão, Quận 1, Thành phố Hồ Chí Minh, Việt Nam",+84 917 655 979,4.9,Mở cả ngày,10.7701525,106.6884335,1-100.000 ₫,,https://lh3.googleusercontent.com/gps-cs-s/AG0ilSwDg1UYSCebXrL5xGU3CRp5mK0dfPiaS82vMw877T5XYTGRVEAFGPxYPhSOnzt1dz3rua9-92_6n4XVBKhU6KrXBMc7Rn0dNivEl_o1J3FuEGIF-IyfcyXSEpyJcT5Cg-9RKJiz=w122-h92-k-no
Phở Hùng,"241 - 243 Nguyễn Trãi, Phường Cầu Ông Lãnh, Quận 1, Thành phố Hồ Chí Minh 700000, Việt Nam",+84 28 3838 5089,4.3,Đang mở cửa ⋅ Đóng cửa lúc 3:00,10.7648891,106.6877054,1-100.000 ₫,,https://lh3.googleusercontent.com/gps-cs-s/AG0ilSxJ_tiwKTqz3YwnUjRl5Q6eu86FjhH_A90uy7xn7hdu-WkFTqgQmGhpl8Xx86BPAPxRtdyftJvLq1TffNX-6Sh449rwfqivQs1pB2NRiVtqcAVRPaE9ZHlO2HZLUt_rB7dgskNe=w122-h92-k-no
Phở Ông Cát Gia Truyền Since 1988,"201 Phạm Ngũ Lão, Phường Phạm Ngũ Lão, Quận 1, Thành phố Hồ Chí Minh, Việt Nam",+84 843 444 546,4.6,Mở cả ngày,10.768487,106.6930859,1-100.000 ₫,,https://lh3.googleusercontent.com/gps-cs-s/AG0ilSwxRYz99iGQLQQUXOet9C5k3JkqaY5h7RmEUSp42jPuFBDP0EHh_xLnQ3D8mIRcYqycZkch7xEYnjl5Put5LyLWi9Ztm2Kg_s-FLs5NRaX072IxqKKRRol4kSXt8RVM1MhEgtq0LA=w122-h92-k-no
Phở Chào,"52 Nguyễn Công Trứ, Phường 19, Bình Thạnh, Thành phố Hồ Chí Minh, Việt Nam",+84 902 701 208,4.6,Đang mở cửa ⋅ Đóng cửa lúc 21:00,10.791118,106.7100204,1-100.000 ₫,,https://lh3.googleusercontent.com/gps-cs-s/AG0ilSzcrA0TbmE1ZdkmKwA4IXz-UqWGqgimWobw3qY0jtn5sEm52HMgC-v7faR3Eo-0A9LGMhDHvtOFYPorPsE7kmeMgBZ9cN95h52cuOd_U_3B0nzA8wUzj4R2oUtG_IMJKVgWiSal=w122-h92-k-no
Phở Việt Nam,"14 Phạm Hồng Thái, Phường Bến Thành, Quận 1, Thành phố Hồ Chí Minh, Việt Nam",,4.5,Đang mở cửa ⋅ Đóng cửa lúc 3:00,10.771386,106.6961339,100-200 N ₫,,https://lh3.googleusercontent.com/p/AF1QipMkf3yZqWQlwAzJhfL8L_DMbcX8CnO31t1lz8P5=w93-h92-k-no
Phở Phát Tài,"34-36 Trần Hưng Đạo, Phường Phạm Ngũ Lão, Quận 1, Thành phố Hồ Chí Minh, Việt Nam",+84 767 868 383,4.8,Đang mở cửa ⋅ Đóng cửa lúc 0:00,10.7672018,106.6943398,1-100.000 ₫,,https://lh3.googleusercontent.com/gps-cs-s/AG0ilSwV7RXNpS-k60brclsFbV2zQ_iKVF_s6nSpLKqPERyExKkek9hug0hUqkx3goFKZolQ-vwP8NT41xObjCqDQ60XMKNewrCmQkHZ7jhUxdjwnJczGORdprDR9YwM8AQmTcVvg5jL=w80-h119-k-no
Phở SOL,"27 Đ. Hải Triều, Bến Nghé, Quận 1, Thành phố Hồ Chí Minh, Việt Nam",+84 899 452 727,4.5,Đang mở cửa ⋅ Đóng cửa lúc 23:30,10.7717123,106.7050306,100-200 N ₫,,https://lh3.googleusercontent.com/p/AF1QipN7asdReROFIi82xT-tkp2AZ5owQsu2QvuoQbmv=w80-h106-k-no
Xưởng Phở 118 - Lẩu Bò,"94-96 Lê Lai, Phường Phạm Ngũ Lão, Quận 1, Thành phố Hồ Chí Minh 700000, Việt Nam",+84 938 838 012,4.6,Đang mở cửa ⋅ Đóng cửa lúc 4:00,10.7700282,106.6935024,1-100.000 ₫,,https://lh3.googleusercontent.com/gps-cs-s/AG0ilSw16wnwcBqfGqHMtjSIPScnXlqHLG3hXX69mgzzQ5hxKAadnK1jlfMIJRnKYjH1utKccyrka5jsN-j5QWU6pDs8nb74HXHohe5WgT9UHDD3h2Jhn9UrYbBG2SJzmniSxfBL-MoX=w80-h106-k-no
PHỞ HÀ,"19 Đ. Hải Triều, Bến Nghé, Quận 1, Thành phố Hồ Chí Minh 700000, Việt Nam",+84 333 135 797,4.0,Mở cả ngày,10.7719657,106.7052281,1-100.000 ₫,,https://lh3.googleusercontent.com/gps-cs-s/AG0ilSxF8dovpkjdj5y9maEL2eT1K3K7Yng71bUu80sA1O64_wFegIO60jms1H5ADPVZ8NWiNKZf8dAWw3OnVpule7vw9z19TFAWrcNwF-oYzY_BuLVRsvIVY-mvDK7VCxvEqDRbZr4=w122-h92-k-no
Phở Cao Vân,"25 Mạc Đĩnh Chi, Đa Kao, Quận 1, Thành phố Hồ Chí Minh, Việt Nam",+84 28 3822 0509,4.2,Đang mở cửa ⋅ Đóng cửa lúc 22:00,10.784713,106.699285,1-100.000 ₫,,https://lh3.googleusercontent.com/gps-cs-s/AG0ilSxWGqH09xkMhrznhCjQWJdG_bxvwoSJnpGZhvVCRiNGNmaFtik36xi2h0mcZKlF1HSRIy-jgMk0wFpB0KeXaHESz0SR8o0sc8EOYTa9_x_5v1E-YImcF6Pav-4uGR9YFOv7FwE2=w122-h92-k-no
Phở bò viên thập cẩm,"7 Nguyễn Thái Bình, Phường Nguyễn Thái Bình, Quận 1, Thành phố Hồ Chí Minh, Việt Nam",+84 902 345 590,4.3,Đang mở cửa ⋅ Đóng cửa lúc 23:00,10.7703122,106.7010063,1-100.000 ₫,,https://lh3.googleusercontent.com/gps-cs-s/AG0ilSysGeRonHGro-EuRzhWHwuzaGBr_LrPt4kOgAJU7I-xqk4_bUwN7sQ_vYrDyqfxWN5CLgjEzY_E0aoOb5oVcO0xfSFKm3eucN9Idp1NtQm1F2LEqpYEVTyVRkpx6lFdPYm1foI=w80-h106-k-no
Phở SOL - Q4 (Phở & Các Món Ngon Từ Phở),"45 Đ. Nguyễn Trường Tộ, Phường 12, Quận 4, Thành phố Hồ Chí Minh, Việt Nam",+84 899 304 545,4.3,Đang mở cửa ⋅ Đóng cửa lúc 21:30,10.7653152,106.7050254,100-200 N ₫,,https://lh3.googleusercontent.com/gps-cs-s/AG0ilSxEnOb7fLzmuFIR_CA9vaLwsE5bq4aSKrQBLxIQ2ffNQvbQz_NYnHgnIyEYeso_fRjmbsx6h4QN_zlojJJKNIosUuldzIPMo7KvGqKt4i6WYTHlMuMAqoAlu41sZkftiJCXyX6KY8LkVQTI=w80-h142-k-no
Phở Thịnh,"86 Tôn Thất Tùng, Phường Phạm Ngũ Lão, Quận 1, Thành phố Hồ Chí Minh 70000, Việt Nam",+84 932 123 373,4.5,Đang mở cửa ⋅ Đóng cửa lúc 20:00,10.7703635,106.6883668,1-100.000 ₫,,https://lh3.googleusercontent.com/gps-cs-s/AG0ilSz6tiSON5ksl5qJYfK0HYN_cp-ve6meqrYkPSYFuC5Y-3Uz3eB32MzdGLJV0HwJ9BRQb6spKqdl3bnDMkNWTS78mMqPGAJ990XpCjahdfuCZ9DBOCrqgTlOWjBbhUFjpj7Y87k=w92-h92-k-no
Phở Lệ,"303-305 Võ Văn Tần, Phường 5, Quận 3, Thành phố Hồ Chí Minh, Việt Nam",+84 908 130 100,4.2,Đang mở cửa ⋅ Đóng cửa lúc 22:00,10.7718117,106.6860178,100-200 N ₫,,https://lh3.googleusercontent.com/gps-cs-s/AG0ilSyn5-NONgX3PeSD4QIOrhOgKfDMjGxxnPdPe1e7kKHb0sFwjqGdQKQnU2Iu3lh2ut3nHYCBw2aDRYabg0YEfoesDTjEkFlPWb2gyUNqMxWtJ1d99ctdLAIjZGTesDjDkg3kzW-Azw=w80-h106-k-no
Phở Hiền,"68/9A Trần Quang Khải, Phường Tân Định, Quận 1, Thành phố Hồ Chí Minh, Việt Nam",+84 28 3843 9119,4.2,Đang mở cửa ⋅ Đóng cửa lúc 0:30,10.7927471,106.6935179,1-100.000 ₫,,https://lh3.googleusercontent.com/gps-cs-s/AG0ilSwPBXzmAATUBmn_Vv_uCL0EJ4IT3H_kF3g42EamG5XvPsteLjIfiPOF6D46OocSLuB-_SX1vmfpsTFK_eoaZl4_aKQqL6bgl8Ux9VAJX9MYEZa7GC752ctB9UxaKM0sDJFrL8mJMicGUOpX=w122-h92-k-no
Phở Thái Sơn,"178 Lê Lai, Phường Bến Thành, Quận 1, Thành phố Hồ Chí Minh 700000, Việt Nam",+84 932 009 680,4.5,Đang mở cửa ⋅ Đóng cửa lúc 21:00,10.769078,106.6910068,1-100.000 ₫,,https://lh3.googleusercontent.com/gps-cs-s/AG0ilSx9jdKCuajv14EVWmB47wJPgTL1vCxYCuQQKSK9wqJ42YZ9dsiLMB_NM7pChdzrGpGt2m6AC7paruS4nVcl2XaFvZBCqYFQDBx7CU3PFrtCExmvu1gTvjaNl-3yQ5jDeR-fHg8J=w122-h92-k-no
Quán Ngọc,"30E Hồ Hảo Hớn, Phường Cô Giang, Quận 1, Thành phố Hồ Chí Minh, Việt Nam",+84 703 573 456,4.5,Đã đóng cửa ⋅ Mở lúc 5:30 Th 4,10.7608781,106.6931794,1-100.000 ₫,,https://lh3.googleusercontent.com/gps-cs-s/AG0ilSxfp3IvBgwyFgvxb7ue5FloB4bs8h__ru_DQMytwj8YXMpakRZW8k-TXobqL6JG89Fpbw1LLY0zJofwZapQ9UsoRF-ePpRZHDsePFWTu00ake2usepqgjxm1Qf8VR14vNvDpWxZmIRxLv1X=w122-h92-k-no
PHỞ NGON | PHỞ QUYÊN ĐIỆN BIÊN PHỦ,"264 Điện Biên Phủ, Phường 17, Bình Thạnh, Thành phố Hồ Chí Minh, Việt Nam",+84 908 808 180,4.9,Đang mở cửa ⋅ Đóng cửa lúc 16:00,10.7989812,106.7063114,1-100.000 ₫,,https://lh3.googleusercontent.com/gps-cs-s/AG0ilSxjm8zopV33UA7fm8000Zu_lY-hn0d1dKuFd63byYHBt0qH69cPB12riXNS0era2jP6JAGJdmH62L6Ydk6VFghs5JzWbV0qsVzdKRoHPBsuX203365K5WxVwJu2tLOmwG7x1oE=w80-h106-k-no
Phở Hải,"64 Trần Khánh Dư, Phường Tân Định, Quận 1, Thành phố Hồ Chí Minh, Việt Nam",,4.5,Đang mở cửa ⋅ Đóng cửa lúc 3:30,10.7942671,106.6912214,1-100.000 ₫,,https://lh3.googleusercontent.com/gps-cs-s/AG0ilSztTl1zV1rIpe0m5sZO_kiHGcDQeqDQKIdLm7rA5BQ1w9hxzfhGHdbJR7kUWtcixO_qmh9bq7C2To1Q6dMnmDzAo_fu66Q3DYqqBG0DJcMvlkUJJqwRnTyVseF5NM6VcfaRww18=w122-h92-k-no
Phở Bắc Hải Gia Truyền - Traditional Northern Pho,"22 Vũ Huy Tấn, Phường 1, Bình Thạnh, Thành phố Hồ Chí Minh 70000, Việt Nam",,4.8,Đang mở cửa ⋅ Đóng cửa lúc 0:00,10.7957984,106.6954892,1-100.000 ₫,,https://lh3.googleusercontent.com/gps-cs-s/AG0ilSxIAH_cS29kKfYZNu-dXIgpYpn0_rpVksh4WkieQzn-8C6Ba7V3ISCZE-WAwwugKs7KgQNJhgZur3le5E34Y0Yy0Q_gx6UXaL3F3Lk3stPTViDVUZ99aJlDSkNhM5OT5mXHdXvtlx6vSto=w80-h106-k-no
Phở Kim,"chung cư Nguyễn Thiện Thuật, 002 lô K, Đ. Nguyễn Thiện Thuật, Phường 1, Quận 3, Thành phố Hồ Chí Minh, Việt Nam",,4.8,Đang mở cửa ⋅ Đóng cửa lúc 21:00,10.7697396,106.6769085,1-100.000 ₫,,https://lh3.googleusercontent.com/gps-cs-s/AG0ilSwl5c1KfGdgvaIBH6F4PoNLULw9zyE_3FRaXLdzD8hYzM9xsSAhAr7gjHIIktosCBmOexjAgtTNq18xac-GBIkgQDnrBO_POPDN5HvYMOZlNtUq95G3dIZKwvn0VpAS4Mn7-QYUbg=w80-h106-k-no
Phở Minh (1993),"519 Nguyễn Tri Phương, Phường 8, Quận 10, Thành phố Hồ Chí Minh, Việt Nam",+84 395 179 799,4.8,Đang mở cửa ⋅ Đóng cửa lúc 2:00,10.7660817,106.6673071,1-100.000 ₫,,https://lh3.googleusercontent.com/gps-cs-s/AG0ilSxkIjipX8VjtZnF4yFLYmovjdzsjPd81tS-tYJJS-alhXNwB5xMd1UjddyBt4RdGeiEaVP1NHMxWnbY4xrTq73r8v9DfyoQgIQ1dF9h6VniTxXiOixDUNw9Zjs3I2HI8f0mtm9GzQ=w80-h106-k-no
PHỞ THẮNG - CHI NHÁNH QUẬN 6 | PHỞ NGON QUẬN 6,"224 Đ. Minh Phụng, Phường 2, Quận 6, Thành phố Hồ Chí Minh, Việt Nam",+84 932 008 813,4.4,Đang mở cửa ⋅ Đóng cửa lúc 2:00,10.753098,106.64316,1-100.000 ₫,,https://lh3.googleusercontent.com/gps-cs-s/AG0ilSx-ABQox-_e3d7AjlIZxe17uq3os0VovVYTDsOScX0aUOVnJR2khqnjpAhaShwj6I5UtSm61LFWJ2lDsgSI2ndvG0gowPfUQVB71-aWF6vhHQE4GRQp9VCOoZ2pUHY1wEmB9u0=w122-h92-k-no
Phở Phú Vương | Phở Ngon Quận 5,"142-144 Nguyễn Trãi, Phường 2, Quận 5, Thành phố Hồ Chí Minh 70000, Việt Nam",+84 379 032 014,4.5,Đang mở cửa ⋅ Đóng cửa lúc 0:00,10.7576113,106.6784972,1-100.000 ₫,,https://lh3.googleusercontent.com/gps-cs-s/AG0ilSzIT2h_HHN6TZo_eRA4GlIx0Dizrwgpl5j8v808pRDe5UmCT-PXz0oXNt9lRpOxta-WyNB3kHUoqMcWepcRPpfVTsAQkY72B3U6dILdUt_TO-PSPmi3SpccORJhE6R8_LHhHyZJvw=w122-h92-k-no
Phở Xuân Mai,"63 Nguyễn Thị Nhỏ, Phường 2, Quận 6, Thành phố Hồ Chí Minh, Việt Nam",+84 905 986 950,4.2,Đang mở cửa ⋅ Đóng cửa lúc 21:00,10.7526644,106.6504633,1-100.000 ₫,,https://lh3.googleusercontent.com/gps-cs-s/AG0ilSyHG0erKCKMaHQ1FZNakyAEJiKRaJea594gu9kkRosiqMthCmt1THiglzt9yFXf6zxDmXIEASeAtla52_pEkuzev-pfZtlylYUTAZY49bNurOhLHe3w3UHvqtvHtrhcD4FWHGagtw=w132-h92-k-no
Phở KHÔI NGUYÊN - Phở Ngon Quận 5,"83 Đ. Huỳnh Mẫn Đạt, Phường 7, Quận 5, Thành phố Hồ Chí Minh, Việt Nam",+84 906 229 739,4.5,Đang mở cửa ⋅ Đóng cửa lúc 22:00,10.7546066,106.6766083,1-100.000 ₫,,https://lh3.googleusercontent.com/gps-cs-s/AG0ilSwuDfztTiyA2KpgIuok0itNhLMuP6PoOC25IxXjLvrkjN8SuYi6cxdce8Cddbt4ZU5EI4TF72LLDK9eFR_v20i3OW2tVV50aRlPQ6LlX0vjs5cNQUn9EAhECH5rxAvyCAJ5EFZD=w122-h92-k-no
PHỞ THẮNG - CHI NHÁNH QUẬN 8 | PHỞ NGON QUẬN 8,"2 Đ. Phạm Thị Tánh, Phường 4, Quận 8, Thành phố Hồ Chí Minh, Việt Nam",+84 908 545 737,4.3,Đang mở cửa ⋅ Đóng cửa lúc 3:00,10.73968,106.6777993,1-100.000 ₫,,https://lh3.googleusercontent.com/p/AF1QipM68s9_KwL7b3eMePKKNw11DPnQysniG64NnMlq=w138-h92-k-no
Phở Hùng - Nguyễn Tri Phương,"Nguyễn Tri Phương/288 Phường Vườn Lài, Phường 4, Quận 10, Thành phố Hồ Chí Minh, Việt Nam",+84 28 3927 1888,4.1,Đang mở cửa ⋅ Đóng cửa lúc 0:00,10.7626005,106.6684793,1-100.000 ₫,,https://lh3.googleusercontent.com/gps-cs-s/AG0ilSzf06ZiBWeL7tOqa4DnEHNKyZAqX4UkZg3ZCujvj2u2DwQT9ZQ-92gWj1Vyqv7zQTg6RTYc0CC4LL3iDHjFjj8_QdBJ73RZjbq6ERhqkP1SfTWT2rNkKd2jc5ynZ0TQ1jrzfq_Ipw=w122-h92-k-no
Phở Lệ,"415 Nguyễn Trãi, Phường 7, Quận 5, Thành phố Hồ Chí Minh, Việt Nam",+84 28 3923 4008,4.2,Đang mở cửa ⋅ Đóng cửa lúc 0:00,10.7552959,106.6735196,1-100.000 ₫,,https://lh3.googleusercontent.com/gps-cs-s/AG0ilSxcnWJtfqt8nOC4xAawfcgDwkBSNndUVyWvfDMgD1hDT0pz4Ua3k1cxx92589xYm1Gb0lL0C9Q9fD6t1U1_uXZ-GXW2nJ0V7pcE_Q3yGybQ0PwIwcd58lIaXinj4v1av59Xm2B7yw=w189-h92-k-no
PHỞ HOÀNG KIM - Vị Thảo Mộc,"370/53 Đ. Minh Phụng, Phường 10, Quận 11, Thành phố Hồ Chí Minh 700000, Việt Nam",+84 963 150 388,5.0,Đang mở cửa ⋅ Đóng cửa lúc 18:00,10.7593319,106.6456097,1-100.000 ₫,,https://lh3.googleusercontent.com/gps-cs-s/AG0ilSxZEXZkHMEBdIlTRySVtU-Ng7V9BHuHTfm8mUSNte-ud6De33A805BZ42s7ClRySe9Jb-NLEd7zf7DNY6OXfduoBbxgxfvt26M7bhoQTn6kBQLFopiGLIQXD6ZdKQ1PNPRZoNy_=w80-h106-k-no
Phở Gia Truyền Hà Nội,"499 An Dương Vương, Phường 7, Quận 5, Thành phố Hồ Chí Minh, Việt Nam",+84 913 137 853,4.1,Đang mở cửa ⋅ Đóng cửa lúc 23:00,10.7577978,106.675258,1-100.000 ₫,,https://lh3.googleusercontent.com/gps-cs-s/AG0ilSwllYmcSW66qt0VeQaJxqZS3Q4r4F4l5DeXmUr6QkQjUGN_AJ0AICM1X4VJGscRGW_jOiBi-S5Qq4r_53UCI0jwu6RMwoalsloImCpL89-jISaYiOdotbuxjQGkoUPHG0lTPZJn=w137-h92-k-no
PHỞ THẮNG,"102 Đ. Nguyễn Biểu, Phường 1, Quận 5, Thành phố Hồ Chí Minh, Việt Nam",+84 907 666 343,4.3,Đang mở cửa ⋅ Đóng cửa lúc 2:00,10.7555861,106.6839789,1-100.000 ₫,,https://lh3.googleusercontent.com/gps-cs-s/AG0ilSwKG9be6KCxRmjigiOCV4dSmnEVPlpxqMZGIv7fOthiw4GZwXXPSC6k2cVlM0FFWW8P9MX-XALGWpwbiEMPe0h-bVK_RoZ4sePgsSHzHth6vDQQ2kTgvCPoRguce0Y12BtzF07PIg=w80-h106-k-no
Phở Quang gia truyền,"004 Sư Vạn Hạnh, Phường 2, Quận 10, Thành phố Hồ Chí Minh, Việt Nam",+84 985 882 331,5.0,Đang mở cửa ⋅ Đóng cửa lúc 23:00,10.7626208,106.6728307,1-100.000 ₫,,https://lh3.googleusercontent.com/gps-cs-s/AG0ilSx22-44eu0vLsZs2qVgwBfBGPNghlEWcMwvlwd6Cv-hrJNGN0g_rHrVuCwmsTvzNlPelofHkUyraVUChFX5-T7CpdadSuTe_t5x0DoFp3ZxaWbKIb7IqwLCw5Wjzr0y1Fw-5rco=w80-h106-k-no
Phở Thắng,"258 Vĩnh Viễn, Phường 4, Quận 10, Thành phố Hồ Chí Minh, Việt Nam",+84 907 666 343,4.3,Đang mở cửa ⋅ Đóng cửa lúc 1:00,10.7641508,106.6692317,1-100.000 ₫,,https://lh3.googleusercontent.com/gps-cs-s/AG0ilSxjp82dJ-Ax3u0oEP1lNsN4sOsRdfiN6tL36b1-EIiiaojKXMzgBJb1QKSULrPe7ETgsA6F7hUgmTRLU0eKALgAg70zt3_X4HEe56pcsQEQuIl_Q9h-2-XLOo7r6XQFyoVSw6OLfA=w80-h106-k-no
Tiệm phở,"20 Vĩnh Viễn, Phường 2, Quận 10, Thành phố Hồ Chí Minh, Việt Nam",,5.0,Đang mở cửa ⋅ Đóng cửa lúc 22:30,10.7653939,106.674372,,,https://lh3.googleusercontent.com/gps-cs-s/AG0ilSzOD1GPoaHzcmc8BxyYSx3vs6KKTVsfp7SH7DtdD2xdTCoqiMd1Ld-jDdYUzOIJVwBXy_G9-dGf5OULIiONphi5VERc9w7waYt2Di3xgZbd5-aC79NyQVCxi51EchCLw3lvhPQZRHQKECM_=w80-h106-k-no
Phở Hạnh - Huỳnh Mẫn Đạt,"93 Đ. Huỳnh Mẫn Đạt, Phường 7, Quận 5, Thành phố Hồ Chí Minh, Việt Nam",+84 785 589 933,4.5,Đang mở cửa ⋅ Đóng cửa lúc 21:00,10.7548823,106.6765144,1-100.000 ₫,,https://lh3.googleusercontent.com/gps-cs-s/AG0ilSx9o8BqieU3lXGiMflvuR33h_XjcG-GhMeCV0FidtGMFs7m343KsChCZahE7104v50timSEsUbHqHgzSuCn3JpwZ2zAb5ndaCTxjJnj6Du6nC1J4TBQMBessnkeWvkyKxLdabA=w122-h92-k-no
Phở Út Bún Bò Huế 006 Lô F,"Chung cư, 006 Lô F, Ấn Quang, Quận 10, Thành phố Hồ Chí Minh 70000, Việt Nam",+84 908 101 228,4.7,Đang mở cửa ⋅ Đóng cửa lúc 23:00,10.7646598,106.6707736,1-100.000 ₫,,https://lh3.googleusercontent.com/p/AF1QipOUfmkAlnUqUOEJlrG3E7liN47VKzh8BWrWHNU=w94-h92-k-no
Phở Sơn Ký,"876 Đ. Hưng Phú, Phường Hưng Phú, Quận 8, Thành phố Hồ Chí Minh, Việt Nam",,4.6,Đang mở cửa ⋅ Đóng cửa lúc 21:00,10.745253,106.6630883,1-100.000 ₫,,https://lh3.googleusercontent.com/gps-cs-s/AG0ilSwRf2mv4is2Fw47p2fKeOjtswC5SYBRxZcW6FBjmHGvnmrWGQQlkVdOH8AmEYA_jX7HvVtcOKCbB9ZWyIQk9PZPnvSITTqVsskoEBPwiKOxj1UdHPuqdG5xZ4aEE_g5AXs-owtYJg=w80-h106-k-no
Phở Hà Thành,"113 Lạc Long Quân, Phường 3, Quận 11, Thành phố Hồ Chí Minh, Việt Nam",+84 967 613 175,4.4,Đang mở cửa ⋅ Đóng cửa lúc 21:00,10.7612714,106.6419694,1-100.000 ₫,,https://lh3.googleusercontent.com/gps-cs-s/AG0ilSx1F80iZXIPc9PtJ7RWGqT0Sv39ldlLIXShoI92ueCMtMD-TXC_L40v2WITMSP-42YwVD5ukMWl3uumVsz2Az4xhBmb9yZdBA7cZ2jwahaTnu2jtLp8g_tHRVyLVOHf4hGub4Ce=w122-h92-k-no
Phở Quyên | PHỞ NGON | PHỞ NGON QUẬN 10,"Hẻm 77 Hồ Thị Kỷ, Phường 1, Quận 10, Thành phố Hồ Chí Minh, Việt Nam",+84 978 565 790,4.3,Đã đóng cửa ⋅ Mở lúc 15:00,10.7631811,106.677679,1-100.000 ₫,,https://lh3.googleusercontent.com/gps-cs-s/AG0ilSy9XQSH3b3tOHN43VsT-QC7SIVSXSnqRCPTKX8GqaULgC6I7114EpK8gbLAp6CF4Ch9glDf7_h0PyQrfnuLa9p9lE9B6Ki0OoIDvxwgGrhYpzI8EZO9aPn7r4j5mJoea5ikMdkD=w122-h92-k-no
Phở 172 Trần Phú,"172 Trần Phú, Phường 9, Quận 5, Thành phố Hồ Chí Minh, Việt Nam",,4.8,Đã đóng cửa ⋅ Mở lúc 6:00 Th 4,10.7587032,106.6751731,1-100.000 ₫,,https://lh3.googleusercontent.com/gps-cs-s/AG0ilSxDqnlH2BGM_qa_iPpXKx8fWmbmMH7Lr_PZdCGKK4N2HZLBJtAk2tb4B1HVAkZ2br11etsnUKcm6-vdSqMeYtLp4SgQS9imgWnpL1ZIW46ll-jL9TvhF0SpLhLOBsRiNafAff9c=w80-h106-k-no
Cơm tấm Đề Thám,"269 Đề Thám, Phường Phạm Ngũ Lão, Quận 1, Thành phố Hồ Chí Minh, Việt Nam",+84 933 937 335,4.5,Đang mở cửa ⋅ Đóng cửa lúc 4:00,10.7683809,106.6933654,1-100.000 ₫,,https://lh3.googleusercontent.com/gps-cs-s/AG0ilSx10JvHqA4BS4oID4eD9HLUTsV-6DOtG7YAT-OVQxKKNsP7O4XR0JmcFTnIkq-cx6mFNeuRolrKsCQtJG5UpwAlBmK0RgPPOEBSyLErO1c5C-RmHr5Qab8e4mMkzhuWjc4VaszubA=w122-h92-k-no
Cơm tấm Chị Hằng - CN Quận 1,"28 Đỗ Quang Đẩu, Phường Phạm Ngũ Lão, Quận 1, Thành phố Hồ Chí Minh, Việt Nam",+84 937 353 388,4.3,Đang mở cửa ⋅ Đóng cửa lúc 1:30,10.7669508,106.6909285,1-100.000 ₫,,https://lh3.googleusercontent.com/gps-cs-s/AG0ilSwIXypnA2x8dbX2gAhGGPa9Neg81Y8SSjxgrEVUwKY9-mO3A-g3IAntymeLO1P7BCdJGKnJx6ZuITBAq7_NlQtRUDksmBMKg3jG56eTTPbZ6igb9DdfD6rh2A2eBDOHoENQtmmVBQ=w89-h92-k-no
Cơm tấm @ 2 SÀI GÒN,"48 Đ. Trịnh Văn Cấn, P, Quận 1, Thành phố Hồ Chí Minh 700000, Việt Nam",+84 983 774 637,4.9,Đã đóng cửa ⋅ Mở lúc 6:30 Th 4,10.767293,106.696177,1-100.000 ₫,,https://lh3.googleusercontent.com/p/AF1QipPyi3j6qlkHMbCObYXKaNc_UvoTcv-EZF-3wxpr=w92-h92-k-no
Cơm tấm A Dũng,"50 Cô Bắc, Phường Cầu Ông Lãnh, Quận 1, Thành phố Hồ Chí Minh 70000, Việt Nam",+84 974 265 467,4.0,Đang mở cửa ⋅ Đóng cửa lúc 22:30,10.765424,106.695285,1-100.000 ₫,,https://lh3.googleusercontent.com/gps-cs-s/AG0ilSzDEWl1dvsPH1JH7IqzzQ42DgZ0ihLkDPhFDFaIEkOT2C3u89DWJADaut4fv9K8j5zPqLI32FA7pborQNo0cEgzDGjAK8gSrFASUSOnm1oCQeLWWj6DTa4m1tot_i_7Hd1YIesT=w80-h106-k-no
Cơm tấm 932P,"932p Trường Sa, Phường 12, Quận 3, Thành phố Hồ Chí Minh, Việt Nam",,4.8,Sắp đóng cửa ⋅ 22:00 ⋅ Mở lúc 17:00 Th 4,10.7846588,106.6789263,1-100.000 ₫,,https://lh3.googleusercontent.com/gps-cs-s/AG0ilSxh69-UfMSPMDliwCPYASOVTUxQr5yWa5V9ZjIo293nvlv2sEl4EN0nwiGOItG52PciEBuezFwrgwZBxzT9NOJV0GaB7PoORgW3SoeIYuo1avfAzZERLSpKwDfeWR4XUX6qeVI=w89-h92-k-no
TIỆM CƠM 67 TẤM - Vo Van Tan,"99/1B Võ Văn Tần, Phường 6, Quận 3, Thành phố Hồ Chí Minh, Việt Nam",+84 772 996 767,4.6,Đã đóng cửa ⋅ Mở lúc 7:00 Th 4,10.7759144,106.6903906,1-100.000 ₫,,https://lh3.googleusercontent.com/gps-cs-s/AG0ilSzfw1r5LVqD4mG3hBOKeL0Pt87ixvyGr_SYQ826qbUaYS-3QYNpoLtr2eICewVfUuT1qDOVIOxeapQE9TlM_fWPj5lrJLQkAHKlFv1YPgctWXX-lsO07sidAw_foQmTDejslttS=w163-h92-k-no
Cơm Tấm 32D1,"32Bis Hồ Hảo Hớn, Phường Cô Giang, Quận 1, Thành phố Hồ Chí Minh 70000, Việt Nam",+84 938 899 445,4.7,Đã đóng cửa ⋅ Mở lúc 6:30 Th 4,10.761002,106.692766,1-100.000 ₫,,https://lh3.googleusercontent.com/gps-cs-s/AG0ilSzkMa3rdPlCB0H1DVQHwy9J2fvs76VgZoPPZ9pHKCftnsZhrevQPNOfepSQ4SiaJMBMMyUv84gasznqbuAYMq07CWfPg7k4PMRd4nRolbiASoOX2eFlN6QHYiREe65irV_OUitD7g=w122-h92-k-no
Cơm Tấm Dì Út,"55/8Bis Trần Đình Xu, Cầu Kho, Quận 1, Thành phố Hồ Chí Minh, Việt Nam",+84 933 331 221,4.5,Đã đóng cửa ⋅ Mở lúc 7:00 Th 4,10.7605045,106.6904542,1-100.000 ₫,,https://lh3.googleusercontent.com/gps-cs-s/AG0ilSwpxfp-LpgcVzAH3tZ6WUmM9Oz62lPoi_wMxlWRjObRsusqeyUCvuTSEDs8r3JyJ2nZ-jHJmcK0kNUehcUxNSxbgYXY-ri-FWGcDbHZMy6kWOLCDrmMWrLTRpV-6PYDHbpwwiU=w92-h92-k-no
Cơm tấm Sao Mai,"852 Trường Sa, Phường 14, Quận 3, Thành phố Hồ Chí Minh, Việt Nam",+84 988 885 969,4.3,Sắp đóng cửa ⋅ 21:30 ⋅ Mở lúc 7:30 Th 4,10.7869259,106.6823698,1-100.000 ₫,,https://lh3.googleusercontent.com/gps-cs-s/AG0ilSzMhbsGUyv6Tbel2pFyEj_NTm2G4gw4wMi-hqvEks3y5ZsxlNU2PoWLm4tA55bl6yANqrCqaZO9pLR8yd5syEGUuEufv4_gyrGROuP2wX__0DcALtU8QC3VI4KgO74Gta-Bho5iODYaByTi=w92-h92-k-no
Cơm Tấm Sườn Xoắn,"98 Nguyễn Đình Chiểu, Đa Kao, Quận 1, Thành phố Hồ Chí Minh 700000, Việt Nam",+84 934 155 964,4.7,Đã đóng cửa ⋅ Mở lúc 7:00 Th 4,10.7871038,106.6980996,1-100.000 ₫,,https://lh3.googleusercontent.com/gps-cs-s/AG0ilSzfhDbjIL4CCLDjHl_RM7O28dZ_jz7Wxn7Qq5MMQLWd3qqsgqrHvJlwK-aO3W0I4ypw9Nj7YIYyo1q1nia-QmGFzgznewkUj3-CG2lHFaUr9dDWPX8bXrVUhCdXsgsLpjkJze-hgaBsxh8B=w163-h92-k-no
Cơm tấm 3 Cô,"137 Trần Đình Xu, Phường Nguyễn Cư Trinh, Quận 1, Thành phố Hồ Chí Minh, Việt Nam",+84 904 611 244,4.6,Đã đóng cửa ⋅ Mở lúc 9:00 Th 4,10.762735,106.687724,1-100.000 ₫,,https://lh3.googleusercontent.com/gps-cs-s/AG0ilSyU8HuwtbepSptN3wZa-jk-NWTGX370qGX7VU1C_7B6CXmLGDBfBRxYYMoAbPHiBSazkveS_VJrrrDCeoTxsB9H5_E2uuIiheA-lHogC6woWOxfgGnnK6D8-xySTpKk6RhsT6GntLLNg6gO=w122-h92-k-no
Cơm Tấm cầu Calmette,"116 Đoàn Văn Bơ, Phường 9, Quận 4, Thành phố Hồ Chí Minh, Việt Nam",,4.0,Đang mở cửa ⋅ Đóng cửa lúc 2:00,10.7635515,106.7033631,1-100.000 ₫,,https://lh3.googleusercontent.com/gps-cs-s/AG0ilSyDG5cls949bDuX21MDAkPyEdoG10rqD8B0RA6Y_AFCmRkzz8nZkYxlUiusqUs6tsOyZhtEx8bZ29s6N4VMXNiEwpSS9XjgIUz6xvONNAW3ZbDb-EmgDpgRwn3gwMNfZ0yu6AyTDw=w80-h92-k-no
Quán Cơm Tấm Hồng Calmette,"134 Hoàng Diệu, Phường 9, Quận 4, Thành phố Hồ Chí Minh, Việt Nam",+84 909 426 707,4.1,Đang mở cửa ⋅ Đóng cửa lúc 0:00,10.7633879,106.7034802,1-100.000 ₫,,https://lh3.googleusercontent.com/gps-cs-s/AG0ilSxCiA2e7LYhOYq8Da5wYh75-UHZBuXH7NyjCWXx9luvRTbQ9JBZUMt9CXQztZJokDuRyYnHWSirIBdhoqEhzu-nOw2yGs_jDL8PW3z45p1sdCqbvkDnxrQTNWcmXfH-aOS41RHJ=w122-h92-k-no
Cơm Tấm Bảo,"98 Ngô Tất Tố, Phường 22, Bình Thạnh, Thành phố Hồ Chí Minh, Việt Nam",+84 907 177 156,4.7,Đang mở cửa ⋅ Đóng cửa lúc 0:00,10.7915585,106.7141617,1-100.000 ₫,,https://lh3.googleusercontent.com/gps-cs-s/AG0ilSyVAopfl63gQpbG6AzGRjionn8zzvBMFj2pAjTvPRWRRRanqyPy1Rjpdous-C0auTTcus0ccoO_pGcAx0DR9NpX9QR4Ad1Cus5UmLXx60irLwzpiXsyAqniELMDPRGgv1-RHdsN=w80-h106-k-no
Cơm Tấm Lộc Sơn - Nguyễn Công Trứ,"113 Nguyễn Công Trứ, Phường 19, Bình Thạnh, Thành phố Hồ Chí Minh 700000, Việt Nam",+84 919 002 050,4.9,Đã đóng cửa ⋅ Mở lúc 9:00 Th 4,10.792906,106.7103379,1-100.000 ₫,,https://lh3.googleusercontent.com/gps-cs-s/AG0ilSxVqSlTxM2ufnNcl2S_hDZSaUJZMeQ8Pcy0GmSNG6inDwqIruZ3PCbFp8CdLsuC_edLV085QwVJgf0eI7V9MjCN0eMtMgzpKxvw5EBT4xvi0q7FMVKFLBXrhlcsITk3CBYqqdaM5w=w122-h92-k-no
Cơm tấm Mai,"129 Đoàn Văn Bơ, Phường 12, Quận 4, Thành phố Hồ Chí Minh, Việt Nam",,4.3,Đã đóng cửa ⋅ Mở lúc 9:00 Th 4,10.7631279,106.7042723,1-100.000 ₫,,https://lh3.googleusercontent.com/gps-cs-s/AG0ilSwEUIvUZQa-ffxUuAX_fbftrtle3P_FRlg_7WVwYn3XDB0wYAJSPijcmvTm8wWB2ZChIPMsCyQqMmTxxlVMFFal-BKrXEpwa6enM3mjvewJatalNCaHd-QTxanYN3Lj7CvIn9DpHA=w139-h92-k-no
Cơm Tấm Bụi Sài Gòn,"100 Thạch Thị Thanh, Phường Tân Định, Quận 1, Thành phố Hồ Chí Minh, Việt Nam",+84 28 6675 5476,3.9,Sắp đóng cửa ⋅ 22:00 ⋅ Mở lúc 6:30 Th 4,10.7909414,106.6914856,1-100.000 ₫,,https://lh3.googleusercontent.com/gps-cs-s/AG0ilSyeqeKVVZJskkqbS71h_NjFrKtSXxnInzUtZeJvXUuj3rqbzEIa_61Opz9kw_0dncs1itrD7jglwB6QrjLZ8DgaO7-k3xo02OD3xPXN1w3RS9Q9aNqhuAuwyynfIgLQkQ8SW1Q=w125-h92-k-no
Cơm Tấm 250 Tân Định,"250 Hai Bà Trưng, Phường Tân Định, Quận 1, Thành phố Hồ Chí Minh 700000, Việt Nam",+84 358 726 710,4.8,Đã đóng cửa ⋅ Mở lúc 11:00 Th 4,10.7886491,106.6911876,1-100.000 ₫,,https://lh3.googleusercontent.com/gps-cs-s/AG0ilSwE2oHtWeu73s_Yn8kNpBTPVejVCBLLvfqArzQ3MZTesZG7CQIAeva4yFwRypgQGZ2piIph7z4gxkyqWNIF2NxwpXE0hf89ynoJRetq-kMTsNrIpGZ23DqPhZy0keuXac4anWct7A=w122-h92-k-no
Cơm Tấm Mộc,"85 Lý Tự Trọng, Phường Bến Thành, Quận 1, Thành phố Hồ Chí Minh, Việt Nam",+84 28 3824 8561,3.7,Đã đóng cửa ⋅ Mở lúc 9:00 Th 4,10.7744862,106.697965,100-200 N ₫,,https://lh3.googleusercontent.com/gps-cs-s/AG0ilSwdGK_cCVlUaQCtegVt68nsw_mUBKy1LelJ926RwVF5N1c0pf-mc8QT2NCgRNn20_EsoyAE9l2_qGYK-1sO94y5DSvOXAdLMPPLIxbvYk96QLBcxYsJjnqkcdXRKhiQI_ncReegcw=w160-h92-k-no
Cơm Tấm Hùng,"96 Võ Thị Sáu, Phường Tân Định, Quận 1, Thành phố Hồ Chí Minh, Việt Nam",+84 938 768 266,4.9,Đã đóng cửa ⋅ Mở lúc 6:00 Th 4,10.7885538,106.6922414,1-100.000 ₫,,https://lh3.googleusercontent.com/gps-cs-s/AG0ilSzU5LOa0618Tc4va_E2Qaik0w69ziUhhk31-9kTOr8ZrW_4TN702JRkqxMTjDYXJWdVw1Xx4qZl_xKwjuUatPmeZ9COPL72h3OcBoZb35Vr9M_ZUu2XjNIX3zWA2E7tosnqlfjuBu6sQ1u2=w115-h92-k-no
Cơm Tấm Mười,"294/35 Xô Viết Nghệ Tĩnh, Phường 19, Bình Thạnh, Thành phố Hồ Chí Minh, Việt Nam",+84 905 414 111,4.5,Đang mở cửa ⋅ Đóng cửa lúc 23:00,10.8003169,106.7124298,1-100.000 ₫,,https://lh3.googleusercontent.com/gps-cs-s/AG0ilSx1DUB_1MSVLOUNNjmOAVvvgxyBVLnbaTjkQuMewz9YLJCdBLKKr_IYSqBvMxEo0eyEFBOSMNIxo9l4OKRid4mj1VBrvom0gdOqGxySBfBQiM15y0RtZ5G9OG5CWa9NtXQ9ZC8F=w122-h92-k-no
Cơm Tấm Ngon Sài Gòn,"031 Lô J, CC Đ. Nguyễn Thiện Thuật, Phường 1, Quận 3, Thành phố Hồ Chí Minh, Việt Nam",+84 909 404 052,4.6,Đã đóng cửa ⋅ Mở lúc 6:00 Th 4,10.7698318,106.6771115,1-100.000 ₫,,https://lh3.googleusercontent.com/gps-cs-s/AG0ilSwRGIcuKOZHrw_qMFLk56PNPV3nwcWReiqvr5rc4XoUXQ3Xs4F-655awUiAHAnzILHRz9bGp9sVTb--3J2LiPplPRIQIQovaeFeAK7zJuiR6AqJNavBYWYN9D5G9hnaETu2YKtNqQ=w122-h92-k-no
Cơm Tấm Hẻm 33,"33/16 Đ. Nguyễn Đình Chính, Phường 15, Phú Nhuận, Thành phố Hồ Chí Minh, Việt Nam",+84 933 616 230,4.4,Đã đóng cửa ⋅ Mở lúc 7:00 Th 4,10.7963609,106.679965,1-100.000 ₫,,https://lh3.googleusercontent.com/gps-cs-s/AG0ilSxNilB3bLAVibvWjpn42jvTekEvNS7DoYqKQuxFGfpdHIYfQk5cMOs18c_Hevt0MDQKSP61EoCWbWbpY-jo92bl7FcR7qGXXR1I-sNShTl36oYhRFRBT1imIWFjJAGf-IgfJ76VYQ=w80-h106-k-no
Cơm Tấm Mén,"39/4B Đ. Huỳnh Văn Bánh, Phường 15, Phú Nhuận, Thành phố Hồ Chí Minh, Việt Nam",+84 937 987 205,4.3,Đang mở cửa ⋅ Đóng cửa lúc 23:00,10.794501,106.6817582,1-100.000 ₫,,https://lh3.googleusercontent.com/gps-cs-s/AG0ilSwycP5Sc2VfRDjQEz-6nBwWtIWQqy_BZLsRPxdXbk-93ANngaJUjbCTvafyiXCYeu4pgxPACP0AGFSWqkEb4ZRaV8PNZylYhWIX6dWOhunWttiJ22IpYvVBs0U93DNwBHtMO8cJ=w80-h100-k-no
Cơm tấm hẻm,"463B/9 Cách Mạng Tháng Tám, Phường 13, Quận 10, Thành phố Hồ Chí Minh, Việt Nam",,4.8,Đã đóng cửa ⋅ Mở lúc 6:00 Th 4,10.7810503,106.6735641,,,https://lh3.googleusercontent.com/gps-cs-s/AG0ilSy4nCUC9Y0-sX5WhykQHh25bynd0QzbjIuTLpAYs8MZBRwFZPI3vES7sdvPzXFTJNQ6lNTYSpYmMPxAwX4I-CaaVIwWweT0sP8O1PwXrKpOwF6xrvvPelJJgRcupvZfA-lEn7xl0g=w122-h92-k-no
Cơm Tấm Long Xuyên BB,"453/77E1 Đ. Lê Văn Sỹ, Phường 12, Quận 3, Thành phố Hồ Chí Minh 70000, Việt Nam",+84 962 708 401,4.9,Đã đóng cửa ⋅ Mở lúc 7:00 Th 4,10.7882796,106.6727801,1-100.000 ₫,,https://lh3.googleusercontent.com/gps-cs-s/AG0ilSw-U4GBPtNu9CjBy3Z_gg0aL0WPqBonRN_AI8CT1BHv_p3kGFMjCzEM06mtaaJRD92nJZRKP8TUlUoptxhtj4m_BmoXdrtrxvOYrH6pU4fuLiE0IYOFMzv_Qm6nOCJnxmvIMauymUAmhgwT=w80-h106-k-no
Cơm Tấm Phương,"26 Đ. Hồ Biểu Chánh, Phường 11, Phú Nhuận, Thành phố Hồ Chí Minh, Việt Nam",+84 933 621 268,4.6,Đã đóng cửa ⋅ Mở lúc 6:00 Th 4,10.793486,106.6763646,1-100.000 ₫,,https://lh3.googleusercontent.com/gps-cs-s/AG0ilSylM-EQ4PUE5MN2Wf4gR6GxmKhCEnceMj2o-k6NoNAoxeI_o51lin4fA3SkwNF4htSViISgq0Sm2mrOcVPWBF636-zKyjukQzMAS55vdyyoh0Ek5GLOLGiIu4TnPYJNKdA42uGdUQ=w80-h173-k-no
Cơm Tấm Dũng,"5 Nguyễn Xuân Ôn, Phường 2, Bình Thạnh, Thành phố Hồ Chí Minh 700000, Việt Nam",+84 28 3510 3355,4.8,Đã đóng cửa ⋅ Mở lúc 5:30 Th 4,10.7990215,106.7000033,,,https://lh3.googleusercontent.com/gps-cs-s/AG0ilSwb71Vt6xsWYkmnU6Z3kjACrjPjLfxAGJSvL15iqSTJCt_VpqZ7BU3RVj_ZK744Owgs_jzHYfKjCn8wxDTJPbTHTWzr9iDt1JISarsx6l6Fr5Em-tdp7l7muKD6KgUqR1K21kfJ=w121-h92-k-no
Cơm tấm Diễm,"79/92 Đ. Trần Văn Đang, Phường 11, Quận 3, Thành phố Hồ Chí Minh, Việt Nam",+84 28 3935 1335,4.7,Đã đóng cửa ⋅ Mở lúc 6:00 Th 4,10.7848216,106.6755724,1-100.000 ₫,,https://lh3.googleusercontent.com/gps-cs-s/AG0ilSwEe-TW2EWYx-kyFvUFaBuA5eWm5eQxmzSkVPAEq0noPqsAtQv2khSvzg71xPRLzKNRjseUIVPmN6ZwH0dc4BL8GjiGmz0cjtGQfgIrGlXxnvorIvs06xzq29720tyedHTTmrou=w80-h106-k-no
Cơm tấm đêm dì Bảy,"364 Lý Thái Tổ, Phường 1, Quận 3, Thành phố Hồ Chí Minh, Việt Nam",,4.6,Đang mở cửa ⋅ Đóng cửa lúc 0:35,10.7677938,106.6748296,1-100.000 ₫,,https://lh3.googleusercontent.com/gps-cs-s/AG0ilSzfV9DHtofbIRL3KqRFLBwiFl8ga02TIZkBV-yebUveDgRc3dvc6hgdRMU1lt1g0WEmcNgTaUUO0JtXpeXxqhPu88OBc3uJC9n9VAxp1b4mUitV7lvE6AKtnOcv0HNQJoI9e35i=w80-h106-k-no
Cơm Tấm Nắng Mưa,"phường 1, Quận 3, Thành phố Hồ Chí Minh, Việt Nam",+84 767 385 068,5.0,Sắp đóng cửa ⋅ 22:00 ⋅ Mở lúc 17:00 Th 4,10.7677868,106.6771924,,,https://lh3.googleusercontent.com/gps-cs-s/AG0ilSwaA0sTOwvaa0JTArHZFiRtxejws8jUlXB75IxJjsC1T2oRtqK0XcKr4gjFLoRNEH7EzS6qflh6gQx1R0RUZAIrF17T4dXNL4E0gjCQR-qKLMXSRMLJfL2ECf5D-T0t8PHBHK1jUA=w122-h92-k-no
Cơm Tấm 32,"phường 19, Bình Thạnh, Thành phố Hồ Chí Minh, Việt Nam",,4.8,Đã đóng cửa ⋅ Mở lúc 8:00 Th 4,10.7943259,106.7094859,1-100.000 ₫,,https://lh3.googleusercontent.com/gps-cs-s/AG0ilSy2s5c63gx0iaU7c42IRreKcGaxWQmhYNKarJrzcJnQrFq7yUIh_cj4v-kijggwnPYpe4yZ9lwH1gmwOrPL6zRIUSIwHUaiCQ4fLrn_tGYWXgWy0X4BPeD64cmeERBVOFVVtbBT-g=w80-h106-k-no
Cơm Tấm TUYẾT,"174/90, Đ. Nguyễn Thiện Thuật/Hẻm 26 Bàn Cờ, Phường 3, Quận 3, Thành phố Hồ Chí Minh, Việt Nam",+84 938 782 806,5.0,Đã đóng cửa ⋅ Mở lúc 6:00 Th 4,10.7698484,106.6806115,1-100.000 ₫,,https://lh3.googleusercontent.com/gps-cs-s/AG0ilSwvVcN7di_J5G_ASvyxG5xT9o9JSyFhQRrZKPuyedl3ZUKiSGvbn9H8K-DdFY1CXNvStDSQMfRMQAfRQd5IWxcu7aHosheE0aXhpZGDQL8TEER2m6WkBNy_ZVe7zR6OWHAUyPtV=w122-h92-k-no
Cơm Tấm Sà Bì Chưởng - Trần Bình Trọng,"179 Đường Trần Bình Trọng, Phường 2, Quận 5, Thành phố Hồ Chí Minh 700000, Việt Nam",+84 971 095 261,4.7,Đã đóng cửa ⋅ Mở lúc 7:00 Th 4,10.758552,106.68044909999999,1-100.000 ₫,,https://lh3.googleusercontent.com/gps-cs-s/AG0ilSwd66vW3rCQaSQQ25LKv00gFunlB2zOOiziKWyumNzUcizhPVutHbjnPNKHi2sD7lYOSzBDz-EKI0YlIsAGhG0cYGtih7-IsICB9unyHsOvefP9R1lL85yWCY2Q3SRcT8S0-f7t=w138-h92-k-no
Cơm tấm Sương (hẻm 462 Nguyễn Tri Phương),"Hẻm 462 Nguyễn Tri Phương, Phường 9, Quận 10, Thành phố Hồ Chí Minh, Việt Nam",,4.8,Đã đóng cửa ⋅ Mở lúc 16:00 Th 4,10.7660527,106.66773599999999,1-100.000 ₫,,https://lh3.googleusercontent.com/gps-cs-s/AG0ilSwCVeJV5ZbINs168mg1MxubSgwdmq0abE3vD3lp7fClo5KkeULiRwB__VyPx7sd_P1-vPTnESVVEb-A20B1kDiT7tvXwd1DYmM-4qoAJKV2UnxtlAGJmoPub9vG_9wiuA30BZkg=w122-h92-k-no
Cơm tấm Tài 476 Nguyễn Tri Phương (Tai Broken Rice Restaurant),"476 Nguyễn Tri Phương, Phường 9, Quận 10, Thành phố Hồ Chí Minh, Việt Nam",+84 981 828 809,4.3,Đang mở cửa ⋅ Đóng cửa lúc 2:30,10.766862999999999,106.6674635,1-100.000 ₫,,https://lh3.googleusercontent.com/gps-cs-s/AG0ilSy1FDCTcqPNvaSoXenLbS07dJcSTg2YnrmG9Ozm8DXyAm6bbHQGVbaECjWqR75yuwqgE-DNneZOOWc6eycpNSlgZDiCeUev747rtsOCdq7pN9Rq4ARfC81F7--sKQKafO06YKvX=w150-h92-k-no
Cơm tấm Út,"6Y Đ. Hưng Phú, Khu Phố 2, Quận 8, Thành phố Hồ Chí Minh, Việt Nam",,4.8,Đang mở cửa ⋅ Đóng cửa lúc 2:00,10.745497499999999,106.66906709999999,1-100.000 ₫,,https://lh3.googleusercontent.com/gps-cs-s/AG0ilSwiZdMiqxX1Q4M5LNpozIGBiz-iCj6RpEKGBtCKVQIhFb90cL31iwYQJePXGQPL7eYM_9qCQl1VZftZyBISQhqL1qGwtzFjDkGtY4CTjUM3fXBIxQgAY0cSZi6oXGP3Sn8dckuAxvHvnDWi=w80-h106-k-no
Quán Cơm Tấm 95,"95 Lò Siêu, Phường 16, Quận 11, Thành phố Hồ Chí Minh, Việt Nam",+84 906 766 322,4.2,Đang mở cửa ⋅ Đóng cửa lúc 23:00,10.7558551,106.6484698,1-100.000 ₫,,https://lh3.googleusercontent.com/gps-cs-s/AG0ilSw9TOSW8aMb9EVBJyhinWWw9OBcFtO3WfoEG_s33sMRoYZ2JIhQqKMoyuEPaGq9op0viDOsLx8J-L4GjPOKtYbmiqVuiOlHbWZ_VPi73tgbDw7Hc6p8yRiw4EZMbOENi9-z51hE=w80-h106-k-no
Cơm Tấm Hồng Phát,"570A Đ. Hồng Bàng, Phường 16, Quận 11, Thành phố Hồ Chí Minh, Việt Nam",,4.4,Sắp đóng cửa ⋅ 22:00 ⋅ Mở lúc 10:00 Th 4,10.7540835,106.646125,1-100.000 ₫,,https://lh3.googleusercontent.com/gps-cs-s/AG0ilSxXoGghQoNchYF1NEyhzP_SRlHFJpOFc4_P_2LD9U0MV2uM8rWYyShTn-hYdxfzrRIjoSLNyzGZWrD6LIyPwbulZjO7D4OoyuKQdSqFYJePCQOeh3iA3Gbf5GWOEdUpMWYKXalNSA=w163-h92-k-no
Cơm Tấm Phúc Lộc Thọ - Lý Thường Kiệt,"144 Đ. Lý Thường Kiệt, Phường 14, Quận 10, Thành phố Hồ Chí Minh 700000, Việt Nam",+84 908 209 569,4.4,Sắp đóng cửa ⋅ 22:00 ⋅ Mở lúc 6:00 Th 4,10.7641046,106.6600917,1-100.000 ₫,,https://lh3.googleusercontent.com/gps-cs-s/AG0ilSyVmxDFC8fsbx49cLajcKbB0Xiky0yubN-0WQtagbVluiJqvFeJ6BNhGAmCidrgzBrmKaumelxYpOArqFdGDov4wKUvQyPnmbeMqiUV6i3qlaC5gZhLUs0pTLkdPMCsP3rZh-YlYg=w122-h92-k-no
Quán Cơm Tấm Bà Mười,"178 Lạc Long Quân, Phường 10, Quận 11, Thành phố Hồ Chí Minh, Việt Nam",+84 909 321 415,4.5,Sắp đóng cửa ⋅ 22:00 ⋅ Mở lúc 16:00 Th 4,10.7609607,106.6422453,,,https://lh3.googleusercontent.com/gps-cs-s/AG0ilSyJvGichgx6uABJacRcqCuGyd_0hID53wr40eZYN2LquW6NRc4lXxmfZMU7xFemU-hqgh_ryyjESj2xhiVa1ja0nagzOgisaxlgQcE1s8l6z4ImI0x2491Et-AdxaO3yaAcYhlR4g=w122-h92-k-no
Cơm Tấm 44,"185 Đường Trần Bình Trọng, Phường 2, Quận 5, Thành phố Hồ Chí Minh, Việt Nam",+84 767 623 123,4.2,Đang mở cửa ⋅ Đóng cửa lúc 0:00,10.758676699999999,106.6804726,1-100.000 ₫,,https://lh3.googleusercontent.com/gps-cs-s/AG0ilSxfPXwnrLueV7Jomy8fzntJLBTn9XFNRYEguXA9bdhiCo67miKrgR6F3cnzrS5pDAKv0HJtcXmX2CoCuUM603zeQTLJTHLHzoPE9pAny2WIAXfs78mUazc9KcqMlQV4o-ci2n8paAr12blo=w122-h92-k-no
Cơm Tấm Sườn Cọng,"329 Hùng Vương, Phường 9, Quận 5, Thành phố Hồ Chí Minh, Việt Nam",+84 904 357 202,5.0,Đang mở cửa ⋅ Đóng cửa lúc 1:00,10.757765599999999,106.66987239999999,,,https://lh3.googleusercontent.com/gps-cs-s/AG0ilSxJCbIIqN6tkgNR1XKIq_VN5FNmz1rJm_FdKR12EBzyR--mjnVgRHum_eUFl_QiTFtXUhPYOPWBtfK6asvjwtSDbzmMoL3kaeY0ZFKemZOu8DvNdHT8n0MOTAvQ9DVXxWhl50-9=w80-h119-k-no
Cơm Tấm 229 Vĩnh Viễn,"229 Vĩnh Viễn, Phường 4, Quận 10, Thành phố Hồ Chí Minh, Việt Nam",+84 932 495 987,4.3,Đã đóng cửa ⋅ Mở lúc 7:30 Th 4,10.763924399999999,106.6689676,1-100.000 ₫,,https://lh3.googleusercontent.com/gps-cs-s/AG0ilSxd9ZIP1JuZXRNJG6SVnIU6L3aOIRdzwDa8xwaoQrXWHw9Ws8OJFEdDhiRl_gWHg2r4nmn-tBD1n9K_WzWPBja3CmPSNru_TploiwgzJqM4HY5Er1gnsEr40C3xQ42Zihw2gGHTGQ=w88-h92-k-no
Cơm tấm đêm,"38 Đ. Thành Thái, Phường 12, Quận 10, Thành phố Hồ Chí Minh, Việt Nam",+84 773 829 879,5.0,Đang mở cửa ⋅ Đóng cửa lúc 23:30,10.7688115,106.6667344,,,https://lh3.googleusercontent.com/gps-cs-s/AG0ilSzWVsAN7K-Sd2C32_RAEiHRXaoDr_A3UdGQfwPesy4076GvpYKbgNVUL0aZp8p77VZkcSw3zgmXIzIcFdbapNlytCdWLXiwpKR1C00P_wRPIPZsWNAI-MZp0wI6jS4-mAotVs5p=w80-h106-k-no
Cơm Tấm Bà Già,"122 Đ. Minh Phụng, Phường 2, Quận 6, Thành phố Hồ Chí Minh 700000, Việt Nam",,4.8,Đã đóng cửa ⋅ Mở lúc 6:30 Th 4,10.7502202,106.64255469999999,,,https://lh3.googleusercontent.com/gps-cs-s/AG0ilSwSrDb5ErcCtKQv0nPHu4QBRLDG0waoEri2SC1CCOJVikLLLjZbhk13Hfoz995SiagNIXJHwCx60qWZxiEeA0ZjDZLfMVyVFBQ5m1N2ZKI-Xw14gJCr5dJdSq1DjTH1OkdGatU=w80-h106-k-no
Cơm Tấm Cô Hồng,"212B Lê Hồng Phong, Phường 4, Quận 5, Thành phố Hồ Chí Minh 70000, Việt Nam",+84 908 949 266,4.3,Đã đóng cửa ⋅ Mở lúc 7:00 Th 6,10.7597437,106.677421,1-100.000 ₫,,https://lh3.googleusercontent.com/gps-cs-s/AG0ilSy2s0HC3q5gKvmzXLHVtScG7GCfGuObxFmurZIOqquWw2XN_IkltWNATi3Ir-dc0J5uvseIeDTwzxxr69IL4ZLcLfG2kaAN9P2CBfZnXnG7Kb0jshPOnYOk5mFRX79SmMzwQWlo=w80-h106-k-no
Cơm tấm An Dương Vương,"502 An Dương Vương, Phường 4, Quận 5, Thành phố Hồ Chí Minh, Việt Nam",+84 28 3839 1126,3.3,Sắp đóng cửa ⋅ 21:30 ⋅ Mở lúc 7:00 Th 4,10.758351,106.6758191,1-100.000 ₫,,https://lh3.googleusercontent.com/gps-cs-s/AG0ilSyF6lxisWUyrkU5C5vP_JTHTGeKQZ6os_eC2KJszJH_atu7D7-dVi_kojbihBVQlvoRyJ4PCXkvCBiMwuuQrgD80RUSQAJXXeV0R1TjBjrKpkyHKPy_jVXcjeR221RePTLQ7T4u=w122-h92-k-no
Cơm tấm Phúc Lộc Thọ - An Dương Vương,"301B An Dương Vương, Phường 2, Quận 5, Thành phố Hồ Chí Minh 700000, Việt Nam",+84 901 829 569,4.2,Sắp đóng cửa ⋅ 22:00 ⋅ Mở lúc 6:00 Th 4,10.759670999999999,106.679988,1-100.000 ₫,,https://lh3.googleusercontent.com/gps-cs-s/AG0ilSzIILMrWJKhSS12RlocC5oa4YMhb1VEyLj5PCgZLiUaXO_jEnlsZK_3XoQC2Yk78_BN85UznfoyZcUFaqJj3rBQmDN0YtiAZ1k02ri2Kxvzz8JRa-kZh4fSvSXtPYRk1byyHjprFA_gbUM=w122-h92-k-no
Cơm Tấm Ba Há,"389 Đ. Hưng Phú, Phường Hưng Phú, Quận 8, Thành phố Hồ Chí Minh, Việt Nam",+84 909 771 192,4.2,Đã đóng cửa ⋅ Mở lúc 16:00 Th 4,10.7475168,106.6749447,1-100.000 ₫,,https://lh3.googleusercontent.com/gps-cs-s/AG0ilSxjPTxwc_OePAgo-dpQVrRf42nX-fe55VP6-641r6jAyK9SeQSg53rXIckFILTgwcSzYKcrQEYS9s1aYjX54_9zJ2rtGxAYRgOimIvWdeIQmZzsxtJ-5GYSEQQSzlvtFU3yRpt9=w80-h106-k-no
Cơm Tấm Phương Linh,"Phường 2, Quận 10, Thành phố Hồ Chí Minh, Việt Nam",+84 908 435 138,5.0,,10.7631527,106.672511,,,https://lh3.googleusercontent.com/gps-cs-s/AG0ilSySsfbuFMB9csVXQSBACSVWYiYPRBGImOllElZr1-y9XE19SRqMrJqEe_H6Hm39Sy8hrPSSj080uejpJLdL-0JBA5ZLZ69tU401DUuVrx-cRGRek681jHn7zlYTboBpz-M2citz=w122-h92-k-no
