ten_quan,dia_chi,so_dien_thoai,rating,gio_mo_cua,lat,lon,gia_trung_binh,thuc_don,hinh_anh,data_id
Tiệm Nhà Únu | Trà sữa ngon quận 3,"47 Nguyễn Phúc Nguyên, Phường 9, Quận 3, Thành phố Hồ Chí Minh 700000, Việt Nam",+84 932 764 725,5.0,Đang mở cửa ⋅ Đóng cửa lúc 22:30,10.7789104,106.6808546,1-100.000 ₫,"images/2.1.png;images/2.2.png","images/2.png",0x31752f006be7d78d:0xcf01153e4ef0ee60
"Ulà Ngon - Trà Sữa Hạt Nông Sản, Matcha, Cafe Phin - Delivery Hub - Bến Thành, Q1","8 Đặng Trần Côn, Phường Bến Thành, Quận 1, Thành phố Hồ Chí Minh 700000, Việt Nam",+84 949 603 903,5.0,Đang mở cửa ⋅ Đóng cửa lúc 21:00,10.772302,106.6941761,,,,0x31752feeca0a6b99:0x3a95ecd8c557b877
Trà Sữa ToCoToCo Cống Quỳnh,"150 Đ. Cống Quỳnh, Phường Phạm Ngũ Lão, Quận 1, Thành phố Hồ Chí Minh 700000, Việt Nam",+84 1900 636936,4.2,Đang mở cửa ⋅ Đóng cửa lúc 23:00,10.7658806,106.6898921,1-100.000 ₫,,,0x31752fbbbea8376f:0x10a1c9562f947070
Trà Sữa Hi-GoGo Nguyễn Thông,"57C Nguyễn Thông, Phường 9, Quận 3, Thành phố Hồ Chí Minh 700000, Việt Nam",+84 934 004 893,4.6,Đang mở cửa ⋅ Đóng cửa lúc 22:00,10.780048,106.680791,1-100.000 ₫,,,0x31752fa720d0d3ff:0x2779850fabc3a75
Trà sữa Hitea,"68 Nguyễn Thái Học, Phường Cầu Ông Lãnh, Quận 1, Thành phố Hồ Chí Minh, Việt Nam",+84 703 399 919,4.3,Đang mở cửa ⋅ Đóng cửa lúc 22:00,10.765699,106.697068,,,,0x31752fb3edae90b5:0x33864dc43fb9b83f
Mì Cay & Trà Sữa - Sky Bubble Tea,"C00-07 Lô C, Chung cư Phạm Viết Chánh, Phường 19, Quận Bình Thạnh, TP, Thành phố Hồ Chí Minh 700000, Việt Nam",+84 931 441 811,4.7,Đang mở cửa ⋅ Đóng cửa lúc 22:00,10.7909876,106.7112152,1-100.000 ₫,,,0x317529a9db18639f:0x5e43307e22e9c6ab
Trà sữa Thái Ngam I Lỉ,"15/32 Nguyễn Thị Minh Khai, Đa Kao, Quận 1, Thành phố Hồ Chí Minh, Việt Nam",,4.6,Đang mở cửa ⋅ Đóng cửa lúc 22:00,10.785051,106.701161,1-100.000 ₫,,,0x31752f4d07390af1:0xce532acca27bd2f4
WOWTEA - Milo dầm & Trà sữa Q1,"116 Cô Bắc, Phường Cô Giang, Quận 1, Thành phố Hồ Chí Minh 70000, Việt Nam",+84 353 893 227,4.5,Đang mở cửa ⋅ Đóng cửa lúc 22:00,10.7646763,106.6943572,1-100.000 ₫,,,0x31752f0edfe91b8b:0x50f6e9bea2d27b1e
Trà Sữa ToCoToCo 83 Nguyễn Thái Học,"83 Nguyễn Thái Học, Phường Cầu Ông Lãnh, Quận 1, Thành phố Hồ Chí Minh 700000, Việt Nam",+84 1900 636936,3.7,Đang mở cửa ⋅ Đóng cửa lúc 23:00,10.766991,106.695776,1-100.000 ₫,,,0x31752f158e3b7535:0x4c0b9192b23f798d
Trà Sữa ToCoToCo Nguyễn Thái Bình,"245 Nguyễn Thái Bình, Phường Cầu Ông Lãnh, Quận 1, Thành phố Hồ Chí Minh 700000, Việt Nam",+84 1900 636936,4.0,Mở cả ngày,10.7665022,106.696618,1-100.000 ₫,,,0x31752f501f0eed07:0x8433cea59ec1cb71
Trà Sữa The 50 Tea - Võ Thị Sáu,"108 Võ Thị Sáu, Phường Tân Định, Quận 1, Thành phố Hồ Chí Minh 70000, Việt Nam",+84 901 645 133,4.6,Đang mở cửa ⋅ Đóng cửa lúc 22:00,10.7883526,106.6919692,,,,0x31752f002986ae3f:0x6689a675e19db6e9
TRÀ SỮA MẸ NẤU ÚT TRANG | TRÀ SỮA NGON QUẬN 3 | TRÀ SỮA NGON NGÔ THỜI NHIỆM,"17 Ngô Thời Nhiệm, Phường 6, Quận 3, Thành phố Hồ Chí Minh, Việt Nam",+84 902 448 821,3.8,Đang mở cửa ⋅ Đóng cửa lúc 21:00,10.7816285,106.6911013,1-100.000 ₫,,,0x31752fa40fd22355:0xf53e61fdf37629c5
Trà sữa Tiên Hưởng,"645 Nguyễn Đình Chiểu, Phường 2, Quận 3, Thành phố Hồ Chí Minh 72418, Việt Nam",,4.8,Đang mở cửa ⋅ Đóng cửa lúc 23:00,10.766522,106.6789689,1-100.000 ₫,,,0x31752f000ef402e5:0x7d7ec4aae7051c23
"Trà Sữa TuTiMi - 71 Ngô Tất Tố, Phường 21, Quận Bình Thạnh","71 Ngô Tất Tố, Phường 19, Bình Thạnh, Thành phố Hồ Chí Minh, Việt Nam",+84 702 165 955,4.3,Đang mở cửa ⋅ Đóng cửa lúc 23:59,10.7928025,106.7116893,1-100.000 ₫,,,0x31752939b5ed2c27:0xf19d35f9ba47ab6b
"Ulà Ngon - Trà Sữa Hạt Nông Sản, Matcha, Cafe Phin - Delivery Hub - NTMK, Q1","7/9B Nguyễn Thị Minh Khai, Bến Nghé, Quận 1, Thành phố Hồ Chí Minh 70000, Việt Nam",+84 949 603 903,4.8,Đang mở cửa ⋅ Đóng cửa lúc 21:00,10.7873732,106.7029534,,,,0x31752f729cc60d27:0x39b69bf142f13ade
Trà Sữa Kubin,"35 Nguyễn Phúc Nguyên, Phường 9, Quận 3, Thành phố Hồ Chí Minh, Việt Nam",+84 986 019 710,4.1,Đang mở cửa ⋅ Đóng cửa lúc 21:00,10.7786219,106.6810705,1-100.000 ₫,,,0x31752f261a000393:0x1f286942fddde726
Trà Sữa Fly Chicken,"78 Đ. Số 4, Phường 4, Quận 3, Thành phố Hồ Chí Minh, Việt Nam",+84 984 711 718,4.4,Đang mở cửa ⋅ Đóng cửa lúc 21:30,10.7721504,106.6823217,1-100.000 ₫,,,0x31752f2300000001:0xccc826ef64220ae5
Teabreak trà sữa olong đậm vị,"202cô bắc p, Quận 1, Thành phố Hồ Chí Minh 71000, Việt Nam",+84 703 544 330,5.0,Đang mở cửa ⋅ Đóng cửa lúc 22:00,10.764001,106.693543,,,,0x31752f003e33752d:0x4f169fcdec41d087
Boom - Cà phê & Trà sữa,"14B9 Mặt tiền, Ngô Tất Tố, Phường 19, Bình Thạnh, Thành phố Hồ Chí Minh, Việt Nam",+84 702 775 511,4.2,Đang mở cửa ⋅ Đóng cửa lúc 23:00,10.7930602,106.7101455,1-100.000 ₫,,,0x317528d95047d271:0x4c4d8a91daed3496
Cà Phê - Trà Sữa Chicago,"7-9 Nguyễn Bỉnh Khiêm, Bến Nghé, Quận 1, Thành phố Hồ Chí Minh, Việt Nam",+84 28 6887 7477,4.9,Sắp đóng cửa ⋅ 20:30 ⋅ Mở lúc 7:00 Th 5,10.7855553,106.7062103,,,,0x31752f4c7a351375:0x83b7c2ab5614f296
Trà sữa Bobapop,"295 Đ. Lê Văn Sỹ, Phường 12, Quận 3, Thành phố Hồ Chí Minh, Việt Nam",+84 28 6290 4151,4.0,Đang mở cửa ⋅ Đóng cửa lúc 21:00,10.7872023,106.6787726,$$,,,0x31752f2a5682fcd1:0x938db0d4762cdca6
Tiệm Trà sữa và cafe Hi Tea,"1 Trương Quốc Dung, Phường 8, Phú Nhuận, Thành phố Hồ Chí Minh 07000, Việt Nam",+84 936 999 735,4.3,Đang mở cửa ⋅ Đóng cửa lúc 22:00,10.7991206,106.6730217,,,,0x317529296f1876a5:0x20882dd1770400fd
Trà Sữa Bé Xì,"54/59 Vũ Huy Tấn, Phường 1, Bình Thạnh, Thành phố Hồ Chí Minh, Việt Nam",+84 938 558 124,4.7,Đang mở cửa ⋅ Đóng cửa lúc 21:00,10.7980694,106.6948809,,,,0x317529b1fdb0883f:0x6b2cb8a79f5ae9b1
Cha Cha Rang Milktea & Fruittea| Trà Sữa Đài Loan Quận 10,"163 Đ. 3 Tháng 2, Phường 10, Quận 10, Thành phố Hồ Chí Minh, Việt Nam",+84 907 999 004,4.8,Đang mở cửa ⋅ Đóng cửa lúc 22:00,10.7724435,106.6759217,,,,0x31752fa1929d964b:0xb2d1d75cfb519046
Tiệm Trà Sữa Trân Châu,"386/35 Đ. Lê Văn Sỹ, Phường 14, Quận 3, Thành phố Hồ Chí Minh, Việt Nam",+84 982 575 892,4.4,Đang mở cửa ⋅ Đóng cửa lúc 22:30,10.7893354,106.6772347,,,,0x31752f2abc349e5d:0xb18b1b9b1d340526
Trà Sữa ToCoToCo Ngô Thời Nhiệm,"87 Ngô Thời Nhiệm, Phường 6, Quận 3, Thành phố Hồ Chí Minh 700000, Việt Nam",+84 28 3930 3328,3.8,Đang mở cửa ⋅ Đóng cửa lúc 23:00,10.7759597,106.68545,$$,,,0x31752f24fc2bf92f:0x4a0c4dcf5b8ab522
Trà Sữa Vợ Nấu,"984 Trường Sa, Phường 12, Quận 3, Thành phố Hồ Chí Minh, Việt Nam",+84 978 123 951,4.7,Mở cả ngày,10.7870762,106.6746144,,,,0x31752f8f032a8a69:0x170a22e72c898544
Trà sữa 126,"126 Xô Viết Nghệ Tĩnh, Phường 19, Bình Thạnh, Thành phố Hồ Chí Minh, Việt Nam",+84 901 258 919,4.8,Đang mở cửa ⋅ Đóng cửa lúc 23:30,10.7963277,106.710434,,,,0x317529a29c17dbb7:0xd49971b9a4b1eecc
Hem Tea & Milktea,"490 Đ. Lê Văn Sỹ, Phường 14, Quận 3, Thành phố Hồ Chí Minh, Việt Nam",+84 901 095 679,4.6,Đang mở cửa ⋅ Đóng cửa lúc 2:00,10.7895411,106.6751322,$,,,0x31752ed546adf2c1:0x7db45f10ee6652a
Trà Sữa Rồng,"26/24 Trương Định, P, Quận 1, Thành phố Hồ Chí Minh, Việt Nam",+84 909 949 289,4.9,Đang mở cửa ⋅ Đóng cửa lúc 22:00,10.7719557,106.6963836,,,,0x31752b320f15e6ff:0x5d5d36b9eb101a71
Trà sữa Tùng Bản松本奶茶,"47 Đường Nguyễn Thượng Hiền, Phường 5, Quận 3, Thành phố Hồ Chí Minh, Việt Nam",+84 765 157 018,4.8,Đang mở cửa ⋅ Đóng cửa lúc 22:00,10.7711712,106.6857975,,,,0x31752f0052644393:0x42a7ed11e5312282
Trà Sữa Bobapop CN Trần Hưng Đạo,"7 Trần Hưng Đạo, Phường Nguyễn Thái Bình, Quận 1, Thành phố Hồ Chí Minh, Việt Nam",+84 28 3821 0288,3.8,Đang mở cửa ⋅ Đóng cửa lúc 21:00,10.769911,106.697447,$$,,,0x31752f3fa92c54bf:0x86d0a89155f70db0
Trà sữa Laxy - Vạn Kiếp,"167a Đ. Vạn Kiếp, phường 03, Bình Thạnh, Thành phố Hồ Chí Minh 70000, Việt Nam",+84 799 829 189,4.6,Đang mở cửa ⋅ Đóng cửa lúc 0:00,10.7975997,106.6938287,,,,0x317529ec146277af:0x9be8e2e2910ad5f9
"Ulà Ngon - Trà Sữa Hạt Nông Sản, Matcha, Cafe Phin - Delivery Hub - Q3","339/18A1 Đ. Lê Văn Sỹ, Phường 12, Quận 3, Thành phố Hồ Chí Minh 700000, Việt Nam",+84 949 603 903,4.6,Đang mở cửa ⋅ Đóng cửa lúc 21:00,10.786914,106.676973,,,,0x31752fbfa269b859:0x180f1380d14d7cf9
Trà Sữa GOLBIN,"7 Nguyễn Cửu Vân, Phường 17, Bình Thạnh, Thành phố Hồ Chí Minh, Việt Nam",+84 772 327 118,4.9,Đang mở cửa ⋅ Đóng cửa lúc 22:00,10.7953811,106.7071007,,,,0x3175291ed1bbb227:0x200f727980e04441
Mobeya - Trà Sữa Ít Béo Từ Hạt,"17A Đinh Tiên Hoàng, Đa Kao, Quận 1, Thành phố Hồ Chí Minh 700000, Việt Nam",+84 777 662 112,4.7,Đang mở cửa ⋅ Đóng cửa lúc 21:45,10.7886487,106.6992383,,,,0x3175297e283d7159:0x4d24f5865737df01
Trà sữa Miss Kim,"15 Nguyễn Hữu Cầu, Phường Tân Định, Quận 1, Thành phố Hồ Chí Minh, Việt Nam",+84 936 193 444,5.0,Đang mở cửa ⋅ Đóng cửa lúc 21:00,10.7898172,106.6912865,,,,0x31752989dc36e0b9:0x4d44b0579ae05256
Trà Sữa ToCoToCo Điện Biên Phủ,"302 Điện Biên Phủ, Phường 17, Bình Thạnh, Thành phố Hồ Chí Minh, Việt Nam",+84 1900 636936,3.3,Đang mở cửa ⋅ Đóng cửa lúc 22:00,10.7994417,106.7070729,$$,,,0x31752960ae97a463:0xa4ff3cc4fd49b941
Trà Sữa Phượng Hoàng,"317B Nguyễn Tri Phương, Phường 8, Quận 10, Thành phố Hồ Chí Minh, Việt Nam",+84 378 999 731,4.3,Đang mở cửa ⋅ Đóng cửa lúc 22:00,10.7619062,106.6682335,$,,,0x31752ee44664537f:0x537a0aaf58bfed42
Trà Sữa Băng Thành - Trà Sữa Đài Loan Quận 5 ( chú ý đường 1 chiều ),"118 Trần Hưng Đạo, Phường 7, Quận 5, Thành phố Hồ Chí Minh, Việt Nam",+84 908 696 506,4.7,Đang mở cửa ⋅ Đóng cửa lúc 22:00,10.7528273,106.669277,1-100.000 ₫,,,0x31752f0f30696a1f:0xc75618d7dee0e36
Trà Sữa LasBunny,"515A Nguyễn Tri Phương, Phường 8, Quận 10, Thành phố Hồ Chí Minh 72500, Việt Nam",+84 936 281 688,4.9,Đang mở cửa ⋅ Đóng cửa lúc 22:00,10.7658529,106.6672815,25-50.000đ,"images/42.1.png;images/42.2.png","images/42.png",0x31752f005c6927c5:0xc3a43924f6b39638
Trà sữa Pí,"205 Lý Thái Tổ, Phường 9, Quận 10, Thành phố Hồ Chí Minh, Việt Nam",+84 903 673 461,4.9,Đang mở cửa ⋅ Đóng cửa lúc 22:30,10.7675805,106.6730106,,,,0x31752f004b8e70dd:0xec2552e1d727d7f7
Trà Sữa ToCoToCo Trần Hưng Đạo,"1087 Trần Hưng Đạo, Phường 5, Quận 5, Thành phố Hồ Chí Minh 700000, Việt Nam",+84 1900 636936,4.2,Đang mở cửa ⋅ Đóng cửa lúc 22:30,10.7533139,106.6740589,1-100.000 ₫,,,0x31752fb1fa7e362f:0x789a1ca9fd71b99
Tiệm Trà Sữa ChesseBall,"32 Đ. Phạm Hùng, P.10, Quận 8, Thành phố Hồ Chí Minh 700000, Việt Nam",+84 932 003 633,4.9,Đang mở cửa ⋅ Đóng cửa lúc 0:30,10.7469336,106.6688665,,,,0x31752f004902ede9:0x4886d78718fca545
CHÚ BONG BÓNG - TRÀ SỮA ĐÀI LOAN | Trà sữa ngon Bình Thới | Chú Bong Bóng - CN Bình Thới,"156 Đ. Bình Thới, Phường 14, Quận 11, Thành phố Hồ Chí Minh 70000, Việt Nam",+84 708 807 988,5.0,Đang mở cửa ⋅ Đóng cửa lúc 22:00,10.7669541,106.6487278,,,,0x31752f0033c658e3:0x9c8088fbe45ada9b
Trà sữa Panda,"25 Tân Thành, Phường 12, Quận 5, Thành phố Hồ Chí Minh, Việt Nam",+84 909 802 393,4.7,Đang mở cửa ⋅ Đóng cửa lúc 21:00,10.7563007,106.6579236,,,,0x31752ef22c4e486f:0x3ad0c87430919b1f
Tiệm Trà Sữa Băng Thành,"352 Đ. Nguyễn Duy Dương, Phường 9, Quận 10, Thành phố Hồ Chí Minh, Việt Nam",+84 788 571 185,4.7,Đã đóng cửa ⋅ Mở lúc 10:00 Th 5,10.7649715,106.670164,1-100.000 ₫,,,0x31752ee6ca174a23:0x2acdb5fe98e69992
Trà Sữa TocoToco Nguyễn Tri Phương,"306 Nguyễn Tri Phương, Phường 4, Quận 10, Thành phố Hồ Chí Minh 700000, Việt Nam",,3.7,Đang mở cửa ⋅ Đóng cửa lúc 22:30,10.7628132,106.6684199,1-100.000 ₫,,,0x31752ee43a5da9b3:0x1f7a2cd8b0f133dd
Trà sữa Bòn Bon,"529 Đ. Minh Phụng, Phường 10, Quận 11, Thành phố Hồ Chí Minh 700000, Việt Nam",+84 932 160 580,4.3,Đang mở cửa ⋅ Đóng cửa lúc 22:00,10.762487,106.6444889,,,,0x31752e91064420ad:0x5eb6ceb9d92fd305
Trà sữa 10,"19 Nguyễn Kim, Phường 12, Quận 5, Thành phố Hồ Chí Minh, Việt Nam",+84 906 869 714,4.1,Đang mở cửa ⋅ Đóng cửa lúc 21:00,10.7571232,106.6629414,1-100.000 ₫,,,0x31752ef03ff8217d:0xb0e4b315802d78eb
Trà sữa Cộng Đồng,"34 Đ. Hậu Giang, Phường 2, Quận 6, Thành phố Hồ Chí Minh, Việt Nam",+84 392 345 168,4.0,Đang mở cửa ⋅ Đóng cửa lúc 23:30,10.7497728,106.6479925,1-100.000 ₫,,,0x31752f297c6811e5:0x29395956178b8829
Tiệm Trà Sữa Tiên Hưởng,"789 Trần Hưng Đạo, Phường 1, Quận 5, Thành phố Hồ Chí Minh, Việt Nam",+84 28 6650 3534,4.0,Đang mở cửa ⋅ Đóng cửa lúc 22:00,10.7552168,106.6812756,$$,,,0x31752f04c1400323:0xbffa274b6075ea66
Yegu Coffee & Tea,"lô S/015 Trần Nhân Tôn, Phường 2, Quận 10, Thành phố Hồ Chí Minh, Việt Nam",+84 968 989 409,5.0,Đang mở cửa ⋅ Đóng cửa lúc 23:00,10.7623269,106.6747432,,,,0x31752f9595dddfb9:0xa937c511f50db964
Trà Sữa Thèm - Nguyễn Tri Phương,"Nguyễn Tri Phương, Phường 8, Quận 10, Thành phố Hồ Chí Minh, Việt Nam",+84 931 854 566,4.9,Đang mở cửa ⋅ Đóng cửa lúc 21:00,10.7671209,106.6669469,,,,0x31752f93db32252d:0x47d022212f716a88
TRÀ SỮA TOPHE CN2,"436 Đ. Phan Văn Trị, Phường 7, Quận 5, Thành phố Hồ Chí Minh 700000, Việt Nam",,5.0,Đang mở cửa ⋅ Đóng cửa lúc 21:00,10.7552328,106.6760553,,,,0x31752f001f8f02c7:0x701ab00a926d58fe
Trà sữa thế giới,"758 Nguyễn Trãi, Phường 11, Quận 5, Thành phố Hồ Chí Minh, Việt Nam",,4.6,Đang mở cửa ⋅ Đóng cửa lúc 21:01,10.75315,106.6596144,1-100.000 ₫,,,0x31752f7501d11797:0x29c8f758903ab808
Trà sữa Toco Toco Phạm Thế Hiển,"697 Phạm Thế Hiển, Phường 4, Quận 8, Thành phố Hồ Chí Minh, Việt Nam",+84 1900 636936,4.0,Đang mở cửa ⋅ Đóng cửa lúc 23:00,10.7448559,106.6758197,1-100.000 ₫,,,0x31752f8ea073dbf9:0x361579199548d97b
RONG (Chu Choa) - Trà Sữa - Ăn Vặt,"372 Lý Thái Tổ, Phường 10, Quận 10, Thành phố Hồ Chí Minh 700000, Việt Nam",+84 777 988 839,5.0,Sắp mở ⋅ 20:11,10.7680188,106.6740778,1-100.000 ₫,,,0x31752f4fba2b8567:0xde981978b5cd23c7
Cơm tấm @ 2 SÀI GÒN,"48 Đ. Trịnh Văn Cấn, P, Quận 1, Thành phố Hồ Chí Minh 700000, Việt Nam",+84 983 774 637,4.9,Sắp đóng cửa ⋅ 14:00 ⋅ Mở cửa lại vào 16:30,10.767293,106.696177,1-100.000 ₫,,,0x31752569085cf947:0x9b7200a292b41c7
TIỆM CƠM 67 TẤM - Vo Van Tan,"99/1B Võ Văn Tần, Phường 6, Quận 3, Thành phố Hồ Chí Minh, Việt Nam",+84 772 996 767,4.6,Đang mở cửa ⋅ Đóng cửa lúc 21:00,10.7759144,106.6903906,1-100.000 ₫,,,0x31752f3971e314ef:0x78138e2fe4e745dd
Cơm Tấm Dì Út,"55/8Bis Trần Đình Xu, Cầu Kho, Quận 1, Thành phố Hồ Chí Minh, Việt Nam",+84 933 331 221,4.5,Đang mở cửa ⋅ Đóng cửa lúc 20:30,10.7605045,106.6904542,1-100.000 ₫,,,0x31752f74b75f363d:0xe703a1c7463f268e
Cơm Tấm 32D1,"32Bis Hồ Hảo Hớn, Phường Cô Giang, Quận 1, Thành phố Hồ Chí Minh 70000, Việt Nam",+84 938 899 445,4.7,Đang mở cửa ⋅ Đóng cửa lúc 19:30,10.761002,106.692766,1-100.000 ₫,,,0x31752ff77dc3767b:0x6c2088cda55173ba
Cơm tấm Đề Thám,"269 Đề Thám, Phường Phạm Ngũ Lão, Quận 1, Thành phố Hồ Chí Minh, Việt Nam",+84 933 937 335,4.5,Đang mở cửa ⋅ Đóng cửa lúc 4:00,10.7683809,106.6933654,1-100.000 ₫,,,0x31752fc4b07ba49d:0xa571105058415d9
Cơm tấm Chị Hằng - CN Quận 1,"28 Đỗ Quang Đẩu, Phường Phạm Ngũ Lão, Quận 1, Thành phố Hồ Chí Minh, Việt Nam",+84 937 353 388,4.3,Đang mở cửa ⋅ Đóng cửa lúc 1:30,10.7669508,106.6909285,1-100.000 ₫,,,0x31752faf236547ef:0x7dbb32100ec46825
Cơm tấm 3 Cô,"137 Trần Đình Xu, Phường Nguyễn Cư Trinh, Quận 1, Thành phố Hồ Chí Minh, Việt Nam",+84 904 611 244,4.6,Đang mở cửa ⋅ Đóng cửa lúc 21:00,10.762735,106.687724,1-100.000 ₫,,,0x31752f8419f4bcfb:0x7f0fa38b2793d62f
Cơm Tấm Sườn Xoắn,"98 Nguyễn Đình Chiểu, Đa Kao, Quận 1, Thành phố Hồ Chí Minh 700000, Việt Nam",+84 934 155 964,4.6,Đang mở cửa ⋅ Đóng cửa lúc 21:00,10.7871038,106.6980996,1-100.000 ₫,,,0x31752f06f4edb6c1:0xc64cc1f24447502b
Cơm tấm A Dũng,"50 Cô Bắc, Phường Cầu Ông Lãnh, Quận 1, Thành phố Hồ Chí Minh 70000, Việt Nam",+84 974 265 467,4.0,Đang mở cửa ⋅ Đóng cửa lúc 23:30,10.765424,106.695285,1-100.000 ₫,,,0x31752f8f5eae1f51:0x2d972c10b08f6456
Cơm tấm Mai,"129 Đoàn Văn Bơ, Phường 12, Quận 4, Thành phố Hồ Chí Minh, Việt Nam",,4.3,Đang mở cửa ⋅ Đóng cửa lúc 21:00,10.7631279,106.7042723,1-100.000 ₫,,,0x31752f6a99502683:0xf4b1d1cabb7008cb
Cơm Tấm 250 Tân Định,"250 Hai Bà Trưng, Phường Tân Định, Quận 1, Thành phố Hồ Chí Minh 700000, Việt Nam",+84 358 726 710,4.8,Đang mở cửa ⋅ Đóng cửa lúc 17:00,10.7886491,106.6911876,1-100.000 ₫,,,0x31752fec547c9a87:0x3e799d325f623fe9
Cơm Tấm Mộc,"85 Lý Tự Trọng, Phường Bến Thành, Quận 1, Thành phố Hồ Chí Minh, Việt Nam",+84 28 3824 8561,3.7,Đang mở cửa ⋅ Đóng cửa lúc 21:00,10.7744862,106.697965,100-200 N ₫,,,0x31752f478a7ceb17:0xdcb87db311325ae8
Cơm Tấm Chị Hai,"101 b Hoàng Sa, Đa Kao, Quận 1, Thành phố Hồ Chí Minh 70000, Việt Nam",+84 782 530 939,4.4,Đang mở cửa ⋅ Đóng cửa lúc 20:00,10.793108,106.6980694,1-100.000 ₫,,,0x3175291e20380c79:0x84c658423e4fc75
Cơm Tấm Lộc Sơn - Nguyễn Công Trứ,"113 Nguyễn Công Trứ, Phường 19, Bình Thạnh, Thành phố Hồ Chí Minh 700000, Việt Nam",+84 919 002 050,4.9,Đang mở cửa ⋅ Đóng cửa lúc 20:00,10.792906,106.7103379,1-100.000 ₫,,,0x3175292a315afec5:0xaaa7766bbfccb81
Cơm Tấm Cống Quỳnh,"25 Đ. Cống Quỳnh, Phường Nguyễn Cư Trinh, Quận 1, Thành phố Hồ Chí Minh, Việt Nam",+84 922 499 449,4.6,Đang mở cửa ⋅ Đóng cửa lúc 15:00,10.7635071,106.6903182,1-100.000 ₫,,,0x31752f8423a9bb7d:0x1b58ef34ead95aba
Cơm tấm Sao Mai,"852 Trường Sa, Phường 14, Quận 3, Thành phố Hồ Chí Minh, Việt Nam",+84 988 885 969,4.3,Đang mở cửa ⋅ Đóng cửa lúc 21:30,10.7869259,106.6823698,1-100.000 ₫,,,0x31752f0b6dc4cd01:0xf3c46e8bab43778f
Cơm Tấm Hậu - Nguyễn Thái Học,"43 Nguyễn Thái Học, Phường Cầu Ông Lãnh, Quận 1, Thành phố Hồ Chí Minh, Việt Nam",+84 904 089 692,4.7,Đang mở cửa ⋅ Đóng cửa lúc 22:00,10.7657677,106.6965094,1-100.000 ₫,,,0x31752f002a11f89f:0x6f5093b7a1c00f49
Cơm Tấm Sườn 30K,"2 Đề Thám, Phường Cầu Ông Lãnh, Quận 1, Thành phố Hồ Chí Minh 70000, Việt Nam",+84 565 055 555,4.9,Đang mở cửa ⋅ Đóng cửa lúc 15:00,10.7628975,106.6961799,,,,0x31752f5ffc802cc7:0x88aee9bc8fca1e9b
Quán Cơm Tấm Quỳnh,"146 Lý Chính Thắng, Phường 14, Quận 3, Thành phố Hồ Chí Minh, Việt Nam",+84 28 6688 1858,4.3,Đang mở cửa ⋅ Đóng cửa lúc 21:00,10.7866287,106.6844835,1-100.000 ₫,,,0x31752f2c4fafa9ef:0x53acf116e5842d6
Cơm Tấm Sà Bì Chưởng - Trần Bình Trọng,"179 Đường Trần Bình Trọng, Phường 2, Quận 5, Thành phố Hồ Chí Minh 700000, Việt Nam",+84 971 095 261,4.7,Đang mở cửa ⋅ Đóng cửa lúc 21:00,10.758552,106.6804491,1-100.000 ₫,,,0x31752f8438b1e4d9:0x5ccf45ed9954be68
Cơm Tấm Ngon Sài Gòn,"031 Lô J, CC Đ. Nguyễn Thiện Thuật, Phường 1, Quận 3, Thành phố Hồ Chí Minh, Việt Nam",+84 909 404 052,4.6,Đang mở cửa ⋅ Đóng cửa lúc 14:30,10.7698318,106.6771115,1-100.000 ₫,,,0x31752f51fbd26543:0x51f16da433a54743
Cơm Tấm Hẻm 33,"33/16 Đ. Nguyễn Đình Chính, Phường 15, Phú Nhuận, Thành phố Hồ Chí Minh, Việt Nam",+84 933 616 230,4.4,Đã đóng cửa ⋅ Mở lúc 17:30,10.7963609,106.679965,1-100.000 ₫,,,0x317528d68553a7bb:0x32a428f17fdf663d
Cơm Tấm 32,"phường 19, Bình Thạnh, Thành phố Hồ Chí Minh, Việt Nam",,4.8,Đang mở cửa ⋅ Đóng cửa lúc 21:00,10.7943259,106.7094859,1-100.000 ₫,,,0x317528b1885ea589:0x3f89ec878a862dec
Cơm tấm hẻm,"463B/9 Cách Mạng Tháng Tám, Phường 13, Quận 10, Thành phố Hồ Chí Minh, Việt Nam",,4.8,Đã đóng cửa ⋅ Mở lúc 6:00 Th 6,10.7810503,106.6735641,,,,0x31752ed79f5e27b7:0xd9fa56dfaab1d292
Cơm Tấm Phương,"26 Đ. Hồ Biểu Chánh, Phường 11, Phú Nhuận, Thành phố Hồ Chí Minh, Việt Nam",+84 933 621 268,4.6,Đã đóng cửa ⋅ Mở lúc 6:00 Th 6,10.793486,106.6763646,1-100.000 ₫,,,0x317528d584122ed5:0x1a17825b7f1cc74d
Cơm Tấm Long Xuyên BB,"453/77E1 Đ. Lê Văn Sỹ, Phường 12, Quận 3, Thành phố Hồ Chí Minh 70000, Việt Nam",+84 962 708 401,4.9,Đã đóng cửa ⋅ Mở lúc 7:00 Th 6,10.7882796,106.6727801,1-100.000 ₫,,,0x31752f0ef5421de9:0x6641bd7f566a61e6
Cơm Tấm Dũng,"5 Nguyễn Xuân Ôn, Phường 2, Bình Thạnh, Thành phố Hồ Chí Minh 700000, Việt Nam",+84 28 3510 3355,4.8,Đã đóng cửa ⋅ Mở lúc 5:30 Th 6,10.7990215,106.7000033,,,,0x317528b7e248a39f:0x95e536ed3fca29c
Cơm tấm Diễm,"79/92 Đ. Trần Văn Đang, Phường 11, Quận 3, Thành phố Hồ Chí Minh, Việt Nam",+84 28 3935 1335,4.7,Đã đóng cửa ⋅ Mở lúc 6:00 Th 6,10.7848216,106.6755724,1-100.000 ₫,,,0x31752f562a304d5b:0x444d84ce8af1b2b6
Cơm Tấm Trần Quý Cáp,"260 Võ Văn Tần, Phường 5, Quận 3, Thành phố Hồ Chí Minh, Việt Nam",+84 28 3839 4659,4.0,Đang mở cửa ⋅ Đóng cửa lúc 15:00,10.7723107,106.6861794,1-100.000 ₫,,,0x31752f2314baa5f7:0x2d1b112fee9517a6
Cơm Tấm Út Lùn,"228 Điện Biên Phủ, Phường 17, Bình Thạnh, Thành phố Hồ Chí Minh, Việt Nam",+84 903 232 613,4.9,Sắp đóng cửa ⋅ 14:00 ⋅ Mở lúc 6:00 Th 6,10.7984826,106.7057869,1-100.000 ₫,,,0x3175296d72aa296b:0xa6bead5acbe711b9
Cơm tấm Hiển Mập - Quán cơm tấm Bình Thạnh,"246 Đ. Bùi Hữu Nghĩa, Phường 02, Bình Thạnh, Thành phố Hồ Chí Minh 00084, Việt Nam",+84 934 040 285,4.2,Đang mở cửa ⋅ Đóng cửa lúc 21:00,10.798517,106.699283,1-100.000 ₫,,,0x317529aa34aacaf7:0xc3f8fd027a8fc787
Cơm Tấm Bụi Sài Gòn,"100 Thạch Thị Thanh, Phường Tân Định, Quận 1, Thành phố Hồ Chí Minh, Việt Nam",+84 28 6675 5476,3.9,Đang mở cửa ⋅ Đóng cửa lúc 22:00,10.7909414,106.6914856,1-100.000 ₫,,,0x317528ccdd844d7b:0x98348ff541222412
Cơm Tấm Mười,"294/35 Xô Viết Nghệ Tĩnh, Phường 19, Bình Thạnh, Thành phố Hồ Chí Minh, Việt Nam",+84 905 414 111,4.5,Đã đóng cửa ⋅ Mở lúc 17:00,10.8003169,106.7124298,1-100.000 ₫,,,0x317529e54e87e99f:0xf937df891b1841ef
Cơm tấm Sương (hẻm 462 Nguyễn Tri Phương),"Hẻm 462 Nguyễn Tri Phương, Phường 9, Quận 10, Thành phố Hồ Chí Minh, Việt Nam",,4.8,Đã đóng cửa ⋅ Mở lúc 16:00,10.7660527,106.667736,1-100.000 ₫,,,0x31752fd792d14fc9:0x791bf2072f91081
Cơm Tấm Phúc Lộc Thọ - Lý Thường Kiệt,"144 Đ. Lý Thường Kiệt, Phường 14, Quận 10, Thành phố Hồ Chí Minh 700000, Việt Nam",+84 908 209 569,4.4,Đang mở cửa ⋅ Đóng cửa lúc 22:00,10.7641046,106.6600917,1-100.000 ₫,,,0x31752f2cd11d720b:0x7c2a7e600142224a
Cơm Tấm Hồng Phát,"570A Đ. Hồng Bàng, Phường 16, Quận 11, Thành phố Hồ Chí Minh, Việt Nam",,4.4,Đang mở cửa ⋅ Đóng cửa lúc 22:00,10.7540835,106.646125,1-100.000 ₫,,,0x31752f4ff4b09c13:0x1af6eed12ea4ab5d
Cơm Tấm 229 Vĩnh Viễn,"229 Vĩnh Viễn, Phường 4, Quận 10, Thành phố Hồ Chí Minh, Việt Nam",+84 932 495 987,4.3,Đang mở cửa ⋅ Đóng cửa lúc 21:00,10.7639244,106.6689676,1-100.000 ₫,,,0x31752ee1415a23d7:0xbf3929ae27fff045
Cơm Tấm Bà Già,"122 Đ. Minh Phụng, Phường 2, Quận 6, Thành phố Hồ Chí Minh 700000, Việt Nam",,4.8,Đang mở cửa ⋅ Đóng cửa lúc 21:00,10.7502202,106.6425547,,,,0x31752e88405c0001:0xf09515070892dc37
Cơm tấm Út,"6Y Đ. Hưng Phú, Khu Phố 2, Quận 8, Thành phố Hồ Chí Minh, Việt Nam",,4.8,Đang mở cửa ⋅ Đóng cửa lúc 2:00,10.7454975,106.6690671,1-100.000 ₫,,,0x31752f21bb7beab7:0xfda9bdb7daedd992
Quán Cơm Tấm 95,"95 Lò Siêu, Phường 16, Quận 11, Thành phố Hồ Chí Minh, Việt Nam",+84 906 766 322,4.2,Đang mở cửa ⋅ Đóng cửa lúc 23:00,10.7558551,106.6484698,1-100.000 ₫,,,0x31752e8c4630360f:0x42dfe3d4f0e5baa2
Cơm Tấm Cô Hoa,"306 Lãnh Binh Thăng, Phường 8, Quận 11, Thành phố Hồ Chí Minh, Việt Nam",+84 28 3962 6188,4.0,Đang mở cửa ⋅ Đóng cửa lúc 21:00,10.7646069,106.648293,1-100.000 ₫,,,0x31752e93f355748d:0x20f33137ba76bdd7
Cơm tấm Ngon,"494 Đ. Hưng Phú, Phường Hưng Phú, Quận 8, Thành phố Hồ Chí Minh, Việt Nam",,4.3,Đang mở cửa ⋅ Đóng cửa lúc 21:00,10.7470133,106.6719573,,,,0x31752e558b1d22c1:0xee33ec5c433d21f5
Cơm Tấm Bình Dân 354,"354 Lê Hồng Phong, Phường 1, Quận 10, Thành phố Hồ Chí Minh, Việt Nam",+84 28 3832 1286,4.8,Đang mở cửa ⋅ Đóng cửa lúc 18:00,10.7635018,106.6760768,,,,0x31752f70ebbb3711:0x5bbfd13f5b4af81f
Cơm Tấm Thuận Phát,"227 Liên Tỉnh 5, Phường 6, Quận 8, Thành phố Hồ Chí Minh, Việt Nam",+84 983 987 673,5.0,Đang mở cửa ⋅ Đóng cửa lúc 16:00,10.736118,106.6573031,,,,0x31752f4fa0eaea4d:0xeefe715d5ffb40fb
Cơm tấm 419,"417 An Dương Vương, Phường 2, Quận 5, Thành phố Hồ Chí Minh, Việt Nam",,4.0,Đang mở cửa ⋅ Đóng cửa lúc 20:30,10.7584187,106.677016,1-100.000 ₫,,,0x31752f26a2cd8bf3:0x2cc5e4cf1473e52f
Cơm tấm 867 đường Ba Đình,"867 Đ. Ba Đình, Phường Hưng Phú, Quận 8, Thành phố Hồ Chí Minh, Việt Nam",,4.5,Đang mở cửa ⋅ Đóng cửa lúc 19:00,10.746782,106.6648931,1-100.000 ₫,,,0x31752f95f657be5b:0xd5cb8912af7260d
Cơm tấm cô Lệ,"202/2 Đ. Nguyễn Duy Dương, Phường 2, Quận 10, Thành phố Hồ Chí Minh, Việt Nam",+84 353 079 460,4.5,Đang mở cửa ⋅ Đóng cửa lúc 20:00,10.7610779,106.6704894,,,,0x31752f10c70ac88d:0x26c1237ba7a07ecd
Cơm tấm Phúc Lộc Thọ - An Dương Vương,"301B An Dương Vương, Phường 2, Quận 5, Thành phố Hồ Chí Minh 700000, Việt Nam",+84 901 829 569,4.2,Đang mở cửa ⋅ Đóng cửa lúc 22:00,10.759671,106.679988,1-100.000 ₫,,,0x31752f7105f845cf:0x2d0c6c26a049ef0a
Cơm tấm Tài 476 Nguyễn Tri Phương (Tai Broken Rice Restaurant),"476 Nguyễn Tri Phương, Phường 9, Quận 10, Thành phố Hồ Chí Minh, Việt Nam",+84 981 828 809,4.3,Đã đóng cửa ⋅ Mở lúc 17:00,10.766863,106.6674635,1-100.000 ₫,,,0x31752f5ba9b7ffed:0x5936eddfb405ee22
Cơm tấm Ngô Quyền | Cơm Tấm Ngon Quận 5,"Trần Hưng Đạo/218 B, Phường 11, Quận 5, Thành phố Hồ Chí Minh, Việt Nam",+84 909 542 017,4.4,Sắp đóng cửa ⋅ 14:00 ⋅ Mở lúc 7:00 Th 6,10.7526031,106.6660091,1-100.000 ₫,,,0x31752f6fd7451211:0x2d939bebd15cbd8f
Cơm tấm Hoàng Gia,"57 Đ. Bửu Đình, Phường 2, Quận 6, Thành phố Hồ Chí Minh, Việt Nam",+84 28 3969 4300,4.0,Đang mở cửa ⋅ Đóng cửa lúc 15:00,10.7490815,106.6448068,100-200 N ₫,,,0x31752f122b0e6987:0x2c7d02bfc28a885f
Mì cay Sasin 301 Trần Hưng Đạo,"301 Trần Hưng Đạo, Phường Cô Giang, Quận 1, Thành phố Hồ Chí Minh 70000, Việt Nam",+84 1900 0131,4.9,Đang mở cửa ⋅ Đóng cửa lúc 22:00,10.7624599,106.6907704,1-100.000 ₫,,,0x31752f483b071565:0x3139a4c21bce9b42
Mì cay Sasin 101-103 Nguyễn Thái Học,"101 Nguyễn Thái Học, Phường Cầu Ông Lãnh, Quận 1, Thành phố Hồ Chí Minh 700900, Việt Nam",+84 934 074 137,4.6,Đang mở cửa ⋅ Đóng cửa lúc 22:00,10.767277,106.695574,1-100.000 ₫,,,0x31752f0018f723cd:0x939f7cd3fce07b49
Mì cay Sasin Cao Thắng,"71 Cao Thắng, Phường 3, Quận 3, Thành phố Hồ Chí Minh 72417, Việt Nam",+84 936 007 031,4.9,Đang mở cửa ⋅ Đóng cửa lúc 22:00,10.7714083,106.6802516,1-100.000 ₫,,,0x31752f3188e6af25:0x2b059f96a350286e
Mì Cay Sasin An Dương Vương,"292a An Dương Vương, Phường 4, Quận 5, Thành phố Hồ Chí Minh, Việt Nam",+84 328 941 144,4.3,Đang mở cửa ⋅ Đóng cửa lúc 22:00,10.7602406,106.6805805,1-100.000 ₫,,,0x31752f6e5547ac1f:0x51ad3793b7c74c8c
Tiệm Mì Tươi ( Mỳ Cay),"213 Nguyễn Văn Cừ, Phường 4, Quận 5, Thành phố Hồ Chí Minh 900000, Việt Nam",+84 936 585 960,4.7,Đang mở cửa ⋅ Đóng cửa lúc 1:00,10.7614301,106.6830116,1-100.000 ₫,,,0x31752f770ae8b823:0xcfca03a14eac9998
Mì cay Sasin 324 An Dương Vương,"324 An Dương Vương, Phường 4, Quận 5, Thành phố Hồ Chí Minh, Việt Nam",,4.7,Đang mở cửa ⋅ Đóng cửa lúc 22:00,10.7599133,106.6795308,1-100.000 ₫,,,0x31752f007a359d71:0xa277d04ec5cd04ea
Mì Cay Seoul Hoàng Diệu Quận 4,"78 Hoàng Diệu, Phường 13, Quận 4, Thành phố Hồ Chí Minh 700000, Việt Nam",+84 971 125 791,3.9,Đang mở cửa ⋅ Đóng cửa lúc 22:00,10.764409,106.704863,1-100.000 ₫,,,0x31752fa546bf2061:0x3c260d4c32764b2c
Mì Cay Ngõ Quận 1,"11 Cô Bắc, Phường Cô Giang, Quận 1, Thành phố Hồ Chí Minh 70000, Việt Nam",,4.8,,10.7656462,106.6958664,,,,0x31752f15ba23074b:0xc78e4a4f2eb4669f
Mì Cay Sasin 183 Phan Xích Long,"183 Phan Xích Long, Phường 2, Phú Nhuận, Thành phố Hồ Chí Minh 700000, Việt Nam",+84 766 612 538,4.8,Đang mở cửa ⋅ Đóng cửa lúc 22:00,10.7981647,106.6878797,1-100.000 ₫,,,0x3175290043d6a659:0x3a7512aad162894a
Mì cay Asan Trần Hưng Đạo,"831 Trần Hưng Đạo, Phường 1, Quận 5, Thành phố Hồ Chí Minh, Việt Nam",+84 1900 0378,4.5,Đang mở cửa ⋅ Đóng cửa lúc 22:00,10.7549531,106.6804932,1-100.000 ₫,,,0x31752fc0a2370f9d:0xd6d691f8574461a8
SaSin Mì Cay 7 Cấp Độ Hàn Quốc - Hoa Phượng,"15a Đ. Hoa Phượng, Phường 2, Phú Nhuận, Thành phố Hồ Chí Minh 700000, Việt Nam",+84 706 369 679,3.2,Đang mở cửa ⋅ Đóng cửa lúc 23:00,10.7972642,106.6868583,1-100.000 ₫,,,0x3175292940354c07:0xce5710953ba72b91
Mì Cay The Haesan- Trần Quang Diệu,"108/8F Trần Quang Diệu, Phường 14, Quận 3, Thành phố Hồ Chí Minh, Việt Nam",,4.2,Mở cả ngày,10.7898161,106.6788016,,,,0x31752f0051e5468d:0x6fcea839a0cfb6b1
Mì Cay Má Huệ,"291/17 Võ Văn Tần, Phường 5, Quận 3, Thành phố Hồ Chí Minh, Việt Nam",+84 901 443 900,5.0,Đang mở cửa ⋅ Đóng cửa lúc 20:00,10.7718716,106.6861984,,,,0x31752f000e7f5c61:0x5084ab7cefd3c8c3
Mỳ Cay NooDrama,"Đ. Lê Văn Sỹ, Phường 12, Quận 3, Thành phố Hồ Chí Minh 70000, Việt Nam",+84 796 104 896,5.0,Đang mở cửa ⋅ Đóng cửa lúc 0:00,10.7869974,106.6761178,1-100.000 ₫,,,0x31752f379afe06b5:0x45617687844fdd44
Sasin - Mì cay Hàn Quốc,"11 Nguyễn Gia Trí, Phường 25, Bình Thạnh, Thành phố Hồ Chí Minh, Việt Nam",+84 328 940 011,4.6,Đang mở cửa ⋅ Đóng cửa lúc 22:00,10.8018716,106.7153167,1-100.000 ₫,,,0x317528a5add50bef:0x95f5b8e111b129e2
YUI - Mì cay & Trà sữa,"Nguyễn Thái Học/183 Chợ Cầu Muối, Phường Cầu Ông Lãnh, Quận 1, Thành phố Hồ Chí Minh, Việt Nam",+84 933 562 978,4.9,Đã đóng cửa ⋅ Mở lúc 16:00,10.7650902,106.6969476,1-100.000 ₫,,,0x31752fb2ba44a55f:0x3e16fd09e56b4c16
Bún Thái - Mì Cay Linh,"68 Nguyễn Công Trứ, Phường 19, Bình Thạnh, Thành phố Hồ Chí Minh, Việt Nam",+84 909 668 033,4.5,Đang mở cửa ⋅ Đóng cửa lúc 20:00,10.7919301,106.7101434,1-100.000 ₫,,,0x31752955b4c72037:0x7a79af64dd080d2
Mì Cay Hachi An Dương Vương,"378 An Dương Vương, Phường 4, Quận 5, Thành phố Hồ Chí Minh 70000, Việt Nam",+84 909 012 224,3.3,Đang mở cửa ⋅ Đóng cửa lúc 22:00,10.7594188,106.6784919,1-100.000 ₫,,,0x31752f7b18315d41:0x61c93d5d24b6378c
MÌ CAY SASIN NGUYỄN TRI PHƯƠNG,"294 Nguyễn Tri Phương, Phường 4, Quận 10, Thành phố Hồ Chí Minh 75000, Việt Nam",+84 328 940 044,4.5,Đang mở cửa ⋅ Đóng cửa lúc 22:00,10.762634,106.668471,1-100.000 ₫,,,0x31752f4a654ae663:0x2a5a6646d757faf4
Tiệm mì cay Abe,"947 Hoàng Sa, Phường 11, Quận 3, Thành phố Hồ Chí Minh 700000, Việt Nam",+84 902 939 306,5.0,Đang mở cửa ⋅ Đóng cửa lúc 21:00,10.7863236,106.6744151,,,,0x31752ff312b7907d:0x7f5f9b8984a5d0f8
"Mì Cay Kitachi 155 Vạn Kiếp, Bình Thạnh","155 Đ. Vạn Kiếp, Phường 1, Bình Thạnh, Thành phố Hồ Chí Minh, Việt Nam",,4.7,,10.7979762,106.6939473,1-100.000 ₫,,,0x317529c25c41bf5f:0x4e581defccd25e15
Mì cay Sasin (Nguyễn Trọng Tuyển).,"310 Nguyễn Trọng Tuyển, Phường 1, Tân Bình, Thành phố Hồ Chí Minh, Việt Nam",+84 1900 0131,4.6,Đang mở cửa ⋅ Đóng cửa lúc 22:00,10.798379,106.6678971,1-100.000 ₫,,,0x31752ed2dbf2e94b:0x64143c1b0172b88c
Mì cay Sasin 72 Nguyễn Gia Trí,"72 Nguyễn Gia Trí, Phường 25, Bình Thạnh, Thành phố Hồ Chí Minh 700000, Việt Nam",+84 328 940 022,4.6,Đang mở cửa ⋅ Đóng cửa lúc 22:00,10.8031863,106.7159393,1-100.000 ₫,,,0x31752916f992b083:0xaf0ceddd5c17e59d
Mì Cay Ha-Se-Yo,"640 Sư Vạn Hạnh, Phường 12, Quận 10, Thành phố Hồ Chí Minh, Việt Nam",+84 986 319 561,4.8,Đang mở cửa ⋅ Đóng cửa lúc 22:30,10.7700649,106.6706661,1-100.000 ₫,,,0x31752f99518a7a6b:0x563efb0020076d4
Mì cay Sasin Lê Văn Sỹ,"335E Đ. Lê Văn Sỹ, Phường 1, Tân Bình, Thành phố Hồ Chí Minh, Việt Nam",+84 765 308 834,4.8,Đang mở cửa ⋅ Đóng cửa lúc 22:00,10.7953464,106.6663848,1-100.000 ₫,,,0x317529003e4a60f3:0x85b0dc073f3e058a
Mì cay Sasin Sư Vạn Hạnh,"656 Sư Vạn Hạnh, Phường 12, Quận 10, Thành phố Hồ Chí Minh 70000, Việt Nam",+84 328 934 422,4.6,Đang mở cửa ⋅ Đóng cửa lúc 22:00,10.7703706,106.6705,1-100.000 ₫,,,0x31752fa0efb7d15f:0x58664c01016f1622
Mì Cay Asan Nguyễn Gia Trí,"176 Nguyễn Gia Trí, Phường 25, Bình Thạnh, Thành phố Hồ Chí Minh 100000, Việt Nam",+84 368 458 177,4.3,Đang mở cửa ⋅ Đóng cửa lúc 23:00,10.8064598,106.7159691,1-100.000 ₫,,,0x317529107aff6be7:0xd15b2da41634ea3d
Mì cay Hàn Quốc -Sasin,"776 Sư Vạn Hạnh, Phường 12, Quận 10, Thành phố Hồ Chí Minh, Việt Nam",+84 902 399 078,3.9,Đang mở cửa ⋅ Đóng cửa lúc 22:30,10.7736519,106.668789,1-100.000 ₫,,,0x31752fd135fc4411:0x419f12dab92ac4f0
Mì cay Sasin Tạ Quang Bửu,"228 Đ. Tạ Quang Bửu, Phường 4, Quận 8, Thành phố Hồ Chí Minh 70000, Việt Nam",+84 765 730 739,4.9,Đang mở cửa ⋅ Đóng cửa lúc 22:00,10.7404219,106.6768339,1-100.000 ₫,,,0x31752f0064ce1691:0x82ad7952ba5a6ec4
Mì cay Sasin Hậu Giang,"18 Đ. Hậu Giang, Phường 2, Quận 6, Thành phố Hồ Chí Minh 73100, Việt Nam",+84 963 978 478,4.7,Đang mở cửa ⋅ Đóng cửa lúc 22:00,10.7498207,106.6485846,1-100.000 ₫,,,0x31752fcceeaa8b49:0x4d3cec9fc4bb57c6
Mì Cay Ha Se Yo,"227 Đ. Hậu Giang, Phường 2, Quận 6, Thành phố Hồ Chí Minh 70000, Việt Nam",+84 986 319 561,4.8,Đang mở cửa ⋅ Đóng cửa lúc 23:30,10.7494097,106.6442633,1-100.000 ₫,,,0x31752f5b3b391bcb:0xcc2a46c7b60d5c62
Mì cay Kore Bình Thới,"193 Đ. Bình Thới, Phường 10, Quận 11, Thành phố Hồ Chí Minh, Việt Nam",+84 938 249 179,4.4,Đang mở cửa ⋅ Đóng cửa lúc 22:00,10.7642885,106.6451242,1-100.000 ₫,,,0x31752d0057523e69:0x143ed9f29dba1578
Mì Cay Seoul Quận 8,"90 Dương Quang Đông, Phường 5, Quận 8, Thành phố Hồ Chí Minh, Việt Nam",+84 929 822 789,4.0,Đang mở cửa ⋅ Đóng cửa lúc 22:00,10.7366135,106.6671552,1-100.000 ₫,,,0x31752e502bacc9a7:0xd5514275b77c7c5
Mì Cay Hagu Cao Lỗ,"132 Cao Lỗ, Phường 4, Quận 8, Thành phố Hồ Chí Minh 100000, Việt Nam",+84 888 256 628,4.4,Đang mở cửa ⋅ Đóng cửa lúc 22:00,10.7400438,106.6778636,1-100.000 ₫,,,0x31752f6d16d011cd:0x55bcb11b8ebc4368
Mì Cay Sasin Quận 8,"833a Đ. Tạ Quang Bửu, Phường 5, Quận 8, Thành phố Hồ Chí Minh, Việt Nam",+84 933 647 411,3.3,Đang mở cửa ⋅ Đóng cửa lúc 22:30,10.7356246,106.6684963,1-100.000 ₫,,,0x31752f6322d490c9:0x1c4c8e4c5185d05b
Mì cay Sasin quận 11 Đầm Sen,"52c Đ. Hòa Bình, Phường 5, Quận 11, Thành phố Hồ Chí Minh, Việt Nam",+84 936 643 176,3.2,Đang mở cửa ⋅ Đóng cửa lúc 22:00,10.7676568,106.6405484,1-100.000 ₫,,,0x31752f31e2563439:0x4ec886b3a8584f1e
Mì Cay 7 Cấp Độ Tito,"254 Đ. Nguyễn Duy, Phường 9, Quận 8, Thành phố Hồ Chí Minh, Việt Nam",+84 764 245 417,4.6,Đang mở cửa ⋅ Đóng cửa lúc 22:00,10.7446064,106.6681577,1-100.000 ₫,,,0x31752fefc64b6451:0xac888cc3949dbe5a
Mì Cay SEOUL Quận 5,"406 An Dương Vương, Phường 4, Quận 5, Thành phố Hồ Chí Minh 700000, Việt Nam",+84 984 858 774,3.6,Đang mở cửa ⋅ Đóng cửa lúc 22:00,10.7592124,106.6779095,1-100.000 ₫,,,0x31752ff8901dd71f:0x166ce76a32bade55
Mì Cay Seoul Phạm Hùng,"Đ. Phạm Hùng, Bình Hưng, Bình Chánh, Thành phố Hồ Chí Minh, Việt Nam",+84 383 833 686,4.5,Đang mở cửa ⋅ Đóng cửa lúc 22:00,10.7317388,106.6751211,1-100.000 ₫,,,0x31752f260a94caf3:0x745ee8af7d210d0
Phở Bê Thanh Đa,"21 Hoàng Sa, Đa Kao, Quận 1, Thành phố Hồ Chí Minh 710200, Việt Nam",+84 908 106 263,4.8,Đang mở cửa ⋅ Đóng cửa lúc 21:00,10.7919376,106.7045745,1-100.000 ₫,,,0x31752990a2a81a2f:0xce0d313fc8c60725
Phở Việt Nam - best pho in ho chi minh open 24h,"7B Tôn Thất Tùng, Phường Phạm Ngũ Lão, Quận 1, Thành phố Hồ Chí Minh, Việt Nam",+84 917 655 979,4.9,Mở cả ngày,10.7701525,106.6884335,1-100.000 ₫,,,0x31752f00083fa2fd:0x23041b10d6654d2b
Phở Việt Nam,"66 Trần Quốc Toản, Phường Võ Thị Sáu, Quận 3, Thành phố Hồ Chí Minh, Việt Nam",+84 28 3820 1237,4.4,Đang mở cửa ⋅ Đóng cửa lúc 22:00,10.7881865,106.6885695,1-100.000 ₫,,,0x31752f22105e19b3:0x80627d765acbf473
Phở Phú Vương,"120 Nguyễn Thái Bình, Phường Nguyễn Thái Bình, Quận 1, Thành phố Hồ Chí Minh, Việt Nam",+84 931 959 696,4.3,Đang mở cửa ⋅ Đóng cửa lúc 22:00,10.7682808,106.6986019,1-100.000 ₫,,,0x31752f3fe8f7e83d:0xc9d55225beeb91f
Phở Ông Cát Gia Truyền Since 1988,"201 Phạm Ngũ Lão, Phường Phạm Ngũ Lão, Quận 1, Thành phố Hồ Chí Minh, Việt Nam",+84 843 444 546,4.6,Mở cả ngày,10.768487,106.6930859,1-100.000 ₫,,,0x31752f53c8b37ffd:0x8b2147a6b458d22f
Phở Chào,"52 Nguyễn Công Trứ, Phường 19, Bình Thạnh, Thành phố Hồ Chí Minh, Việt Nam",+84 902 701 208,4.6,Đang mở cửa ⋅ Đóng cửa lúc 21:00,10.791118,106.7100204,1-100.000 ₫,,,0x317529b52c7a10c5:0xa22c318400bd3495
Phở Hùng,"241 - 243 Nguyễn Trãi, Phường Cầu Ông Lãnh, Quận 1, Thành phố Hồ Chí Minh 700000, Việt Nam",+84 28 3838 5089,4.3,Đang mở cửa ⋅ Đóng cửa lúc 3:00,10.7648891,106.6877054,1-100.000 ₫,,,0x31752f19d15e3a81:0xdcd7728d53d90a88
Phở Phát Tài,"34-36 Trần Hưng Đạo, Phường Phạm Ngũ Lão, Quận 1, Thành phố Hồ Chí Minh, Việt Nam",+84 767 868 383,4.8,Đang mở cửa ⋅ Đóng cửa lúc 0:00,10.7672018,106.6943398,1-100.000 ₫,,,0x31752f0040459bfd:0x49ba087c1e72bc7
Phở Việt Nam,"14 Phạm Hồng Thái, Phường Bến Thành, Quận 1, Thành phố Hồ Chí Minh, Việt Nam",,4.5,Đang mở cửa ⋅ Đóng cửa lúc 3:00,10.771386,106.6961339,100-200 N ₫,,,0x31752fba354e2425:0xa794a1a48ee7a0ca
Phở SOL,"27 Đ. Hải Triều, Bến Nghé, Quận 1, Thành phố Hồ Chí Minh, Việt Nam",+84 899 452 727,4.5,Đang mở cửa ⋅ Đóng cửa lúc 23:30,10.7717123,106.7050306,100-200 N ₫,,,0x31752fcd3af52e1f:0x16bda41d2ba47104
Xưởng Phở 118 - Lẩu Bò,"94-96 Lê Lai, Phường Phạm Ngũ Lão, Quận 1, Thành phố Hồ Chí Minh 700000, Việt Nam",+84 938 838 012,4.6,Đang mở cửa ⋅ Đóng cửa lúc 4:00,10.7700282,106.6935024,1-100.000 ₫,,,0x31752f966be65d47:0x344d9333f4396449
Phở Bò Đan Phượng-CN3,"46 lô I cư xá vĩnh hội, Phường 9, Quận 4, Thành phố Hồ Chí Minh, Việt Nam",,4.7,Đang mở cửa ⋅ Đóng cửa lúc 22:00,10.7614166,106.6989673,1-100.000 ₫,,,0x31752fe6fb74cd03:0xc56da3a3f892c90d
Phở Cao Vân,"25 Mạc Đĩnh Chi, Đa Kao, Quận 1, Thành phố Hồ Chí Minh, Việt Nam",+84 28 3822 0509,4.2,Đang mở cửa ⋅ Đóng cửa lúc 22:00,10.784713,106.699285,1-100.000 ₫,,,0x31752f35f19a3ecd:0x58cb02188cf99385
Quán Phở Con Bò Vàng,"49 Cô Bắc, Phường Cầu Ông Lãnh, Quận 1, Thành phố Hồ Chí Minh 700000, Việt Nam",+84 906 185 768,4.9,Sắp đóng cửa ⋅ 14:00 ⋅ Mở cửa lại vào 16:00,10.7649736,106.6951665,1-100.000 ₫,,,0x31752f0068d8a849:0xff72644072c5beb5
PHỞ HÀ,"19 Đ. Hải Triều, Bến Nghé, Quận 1, Thành phố Hồ Chí Minh 700000, Việt Nam",+84 333 135 797,4.0,Mở cả ngày,10.7719657,106.7052281,1-100.000 ₫,,,0x31752f38e1a83783:0x82c55a5f55ef168f
Phở Vị,"225 Trần Hưng Đạo, Phường Cô Giang, Quận 1, Thành phố Hồ Chí Minh 70000, Việt Nam",+84 977 682 795,4.5,Sắp đóng cửa ⋅ 13:30 ⋅ Mở cửa lại vào 17:00,10.7653376,106.6932914,1-100.000 ₫,,,0x31752f3fb0b08a91:0x63e50be8d0cf2096
Phở bò viên thập cẩm,"7 Nguyễn Thái Bình, Phường Nguyễn Thái Bình, Quận 1, Thành phố Hồ Chí Minh, Việt Nam",+84 902 345 590,4.3,Đang mở cửa ⋅ Đóng cửa lúc 23:00,10.7703122,106.7010063,1-100.000 ₫,,,0x31752f407d4319df:0x64e44d2db9f07730
Phở SOL - Q4 (Phở & Các Món Ngon Từ Phở),"45 Đ. Nguyễn Trường Tộ, Phường 12, Quận 4, Thành phố Hồ Chí Minh, Việt Nam",+84 899 304 545,4.3,Đang mở cửa ⋅ Đóng cửa lúc 21:30,10.7653152,106.7050254,100-200 N ₫,,,0x31752f27dfcab11b:0x93ff4841cf032b50
Quán Ngọc,"30E Hồ Hảo Hớn, Phường Cô Giang, Quận 1, Thành phố Hồ Chí Minh, Việt Nam",+84 703 573 456,4.5,Đã đóng cửa ⋅ Mở lúc 5:30 Th 6,10.7608781,106.6931794,1-100.000 ₫,,,0x31752f113e8499b1:0x22774c9b031480f
Phở Tuấn,"Nguyễn Đình Chiểu/287/75 Bàn Cờ, phường, Quận 3, Thành phố Hồ Chí Minh, Việt Nam",+84 901 815 282,4.7,Đang mở cửa ⋅ Đóng cửa lúc 22:00,10.7721868,106.6860152,1-100.000 ₫,,,0x31752f91cff4115b:0x5c397091907c72e2
PHỞ NGON | PHỞ QUYÊN ĐIỆN BIÊN PHỦ,"264 Điện Biên Phủ, Phường 17, Bình Thạnh, Thành phố Hồ Chí Minh, Việt Nam",+84 908 808 180,4.9,Đang mở cửa ⋅ Đóng cửa lúc 16:00,10.7989812,106.7063114,1-100.000 ₫,,,0x31752936c7b1f363:0x6f3e9bfcd6f9e5c8
Phở Hải,"64 Trần Khánh Dư, Phường Tân Định, Quận 1, Thành phố Hồ Chí Minh, Việt Nam",,4.5,Đang mở cửa ⋅ Đóng cửa lúc 3:30,10.7942671,106.6912214,1-100.000 ₫,,,0x317528cc3268ff57:0xc61917f5707abef7
Phở Bắc Hải Gia Truyền - Traditional Northern Pho,"22 Vũ Huy Tấn, Phường 1, Bình Thạnh, Thành phố Hồ Chí Minh 70000, Việt Nam",,4.8,Đang mở cửa ⋅ Đóng cửa lúc 0:00,10.7957984,106.6954892,1-100.000 ₫,,,0x317529320aed55b7:0xb2abc3f0565cb388
Phở Thịnh,"86 Tôn Thất Tùng, Phường Phạm Ngũ Lão, Quận 1, Thành phố Hồ Chí Minh 70000, Việt Nam",+84 932 123 373,4.5,Đang mở cửa ⋅ Đóng cửa lúc 20:00,10.7703635,106.6883668,1-100.000 ₫,,,0x31752fb4b845d115:0x657a5aae38c0cbc4
Phở Lệ,"303-305 Võ Văn Tần, Phường 5, Quận 3, Thành phố Hồ Chí Minh, Việt Nam",+84 908 130 100,4.2,Đang mở cửa ⋅ Đóng cửa lúc 22:00,10.7718117,106.6860178,100-200 N ₫,,,0x31752f23119267ef:0xeaad3766564f149e
Phở Hiền,"68/9A Trần Quang Khải, Phường Tân Định, Quận 1, Thành phố Hồ Chí Minh, Việt Nam",+84 28 3843 9119,4.2,Đang mở cửa ⋅ Đóng cửa lúc 0:30,10.7927471,106.6935179,1-100.000 ₫,,,0x317528cc7c0f91b3:0x462718de3a7eb740
Phở Thái Sơn,"178 Lê Lai, Phường Bến Thành, Quận 1, Thành phố Hồ Chí Minh 700000, Việt Nam",+84 932 009 680,4.5,Đang mở cửa ⋅ Đóng cửa lúc 21:00,10.769078,106.6910068,1-100.000 ₫,,,0x31752fac16085499:0xdfd4b34d92badc
Phở Hải Triều,"31 Đ. Hải Triều, Bến Nghé, Quận 1, Thành phố Hồ Chí Minh, Việt Nam",+84 931 411 236,4.2,Mở cả ngày,10.7716833,106.7050624,1-100.000 ₫,,,0x31752f4144e8ae37:0xa412567e3778cae4
Phở Minh (1993),"519 Nguyễn Tri Phương, Phường 8, Quận 10, Thành phố Hồ Chí Minh, Việt Nam",+84 395 179 799,4.8,Đang mở cửa ⋅ Đóng cửa lúc 2:00,10.7660817,106.6673071,1-100.000 ₫,,,0x31752f005bfa471f:0x6b8842d2a38363ec
PHỞ THẮNG - CHI NHÁNH QUẬN 6 | PHỞ NGON QUẬN 6,"224 Đ. Minh Phụng, Phường 2, Quận 6, Thành phố Hồ Chí Minh, Việt Nam",+84 932 008 813,4.4,Đang mở cửa ⋅ Đóng cửa lúc 2:00,10.753098,106.64316,1-100.000 ₫,,,0x31752f8ffb286da5:0x5da51110873adbb2
Phở Xuân Mai,"63 Nguyễn Thị Nhỏ, Phường 2, Quận 6, Thành phố Hồ Chí Minh, Việt Nam",+84 905 986 950,4.2,Đang mở cửa ⋅ Đóng cửa lúc 21:00,10.7526644,106.6504633,1-100.000 ₫,,,0x31752e8b6e7f066f:0xf563c823ca47f4c7
Phở Phú Vương | Phở Ngon Quận 5,"142-144 Nguyễn Trãi, Phường 2, Quận 5, Thành phố Hồ Chí Minh 70000, Việt Nam",+84 379 032 014,4.5,Đang mở cửa ⋅ Đóng cửa lúc 0:00,10.7576113,106.6784972,1-100.000 ₫,,,0x31752f7ace63686d:0x230cc1fe9f1d321a
Phở Hùng - Nguyễn Tri Phương,"Nguyễn Tri Phương/288 Phường Vườn Lài, Phường 4, Quận 10, Thành phố Hồ Chí Minh, Việt Nam",+84 28 3927 1888,4.1,Đang mở cửa ⋅ Đóng cửa lúc 0:00,10.7626005,106.6684793,1-100.000 ₫,,,0x31752ee42833c6d3:0x6dc908276312b7ce
PHỞ THẮNG - CHI NHÁNH QUẬN 8 | PHỞ NGON QUẬN 8,"2 Đ. Phạm Thị Tánh, Phường 4, Quận 8, Thành phố Hồ Chí Minh, Việt Nam",+84 908 545 737,4.3,Đang mở cửa ⋅ Đóng cửa lúc 3:00,10.73968,106.6777993,1-100.000 ₫,,,0x31752f48ed941a37:0x30b05c4a8bf0aa8b
Phở KHÔI NGUYÊN - Phở Ngon Quận 5,"83 Đ. Huỳnh Mẫn Đạt, Phường 7, Quận 5, Thành phố Hồ Chí Minh, Việt Nam",+84 906 229 739,4.5,Đang mở cửa ⋅ Đóng cửa lúc 22:00,10.7546066,106.6766083,1-100.000 ₫,,,0x31752fd19278c9f1:0x2563764bf5ffdeb5
Phở Lệ,"413 - 415 Nguyễn Trãi, Phường 7, Quận 5, Thành phố Hồ Chí Minh, Việt Nam",+84 28 3923 4008,4.2,Đang mở cửa ⋅ Đóng cửa lúc 0:00,10.7553391,106.673493,1-100.000 ₫,,,0x31752efd0082e183:0x5e357ac08bb03907
Phở Gia Truyền Hà Nội,"499 An Dương Vương, Phường 7, Quận 5, Thành phố Hồ Chí Minh, Việt Nam",+84 913 137 853,4.1,Đang mở cửa ⋅ Đóng cửa lúc 23:00,10.7577978,106.675258,1-100.000 ₫,,,0x31752ee2b321b15f:0xa6547be1fe0577e0
Phở Hoàng,"460 Nguyễn Tri Phương, Phường 8, Quận 10, Thành phố Hồ Chí Minh, Việt Nam",+84 28 3927 1390,4.0,Sắp đóng cửa ⋅ 14:00 ⋅ Mở lúc 6:00 Th 6,10.7659755,106.6677049,1-100.000 ₫,,,0x31752ee6f86e7a25:0xea98c2a5732ee8c1
PHỞ HOÀNG KIM - Vị Thảo Mộc,"370/53 Đ. Minh Phụng, Phường 10, Quận 11, Thành phố Hồ Chí Minh 700000, Việt Nam",+84 963 150 388,5.0,Đang mở cửa ⋅ Đóng cửa lúc 18:00,10.7593319,106.6456097,1-100.000 ₫,,,0x31752f5023150b2b:0x5cd38874c0efaee3
PHỞ THẮNG,"102 Đ. Nguyễn Biểu, Phường 1, Quận 5, Thành phố Hồ Chí Minh, Việt Nam",+84 907 666 343,4.3,Đang mở cửa ⋅ Đóng cửa lúc 2:00,10.7555861,106.6839789,1-100.000 ₫,,,0x31752f04ec5d8e79:0x384401e60e064091
Phở Quang gia truyền,"004 Sư Vạn Hạnh, Phường 2, Quận 10, Thành phố Hồ Chí Minh, Việt Nam",+84 985 882 331,5.0,Đang mở cửa ⋅ Đóng cửa lúc 23:00,10.7626208,106.6728307,1-100.000 ₫,,,0x31752f738b7029f7:0x31e377c064757814
Phở Thắng,"258 Vĩnh Viễn, Phường 4, Quận 10, Thành phố Hồ Chí Minh, Việt Nam",+84 907 666 343,4.3,Đang mở cửa ⋅ Đóng cửa lúc 1:00,10.7641508,106.6692317,1-100.000 ₫,,,0x31752f72e95689f7:0xaa4285ef4dda37b
Tiệm phở,"20 Vĩnh Viễn, Phường 2, Quận 10, Thành phố Hồ Chí Minh, Việt Nam",,5.0,Đang mở cửa ⋅ Đóng cửa lúc 22:30,10.7653939,106.674372,,,,0x31752f2eea5b4f55:0xc141e0bf58829bb5
Phở Hạnh - Huỳnh Mẫn Đạt,"93 Đ. Huỳnh Mẫn Đạt, Phường 7, Quận 5, Thành phố Hồ Chí Minh, Việt Nam",+84 785 589 933,4.5,Đang mở cửa ⋅ Đóng cửa lúc 21:00,10.7548823,106.6765144,1-100.000 ₫,,,0x31752f7c1e139f01:0x1f6556a92991ba1d
Phở Út Bún Bò Huế 006 Lô F,"Chung cư, 006 Lô F, Ấn Quang, Quận 10, Thành phố Hồ Chí Minh 70000, Việt Nam",+84 908 101 228,4.7,Đang mở cửa ⋅ Đóng cửa lúc 23:00,10.7646598,106.6707736,1-100.000 ₫,,,0x31752f537257eca3:0x44cd137025914e5a
Phở Sơn Ký,"876 Đ. Hưng Phú, Phường Hưng Phú, Quận 8, Thành phố Hồ Chí Minh, Việt Nam",,4.6,Đang mở cửa ⋅ Đóng cửa lúc 21:00,10.745253,106.6630883,1-100.000 ₫,,,0x31752e5835e2e195:0x5031fe5c31ef3392
Bấu Xì Giùn Sài Gòn | Atispho - Phở Atiso Chi Nhánh Quận 5 | Phở Ngon Quận 5 | Phở Atiso Ngon Quận 5 | Bấu Xì Giùn Quận 5,"245 Đường Trần Bình Trọng, Phường Chợ Quán, Quận 5, Thành phố Hồ Chí Minh 27301, Việt Nam",+84 819 199 275,4.8,Đang mở cửa ⋅ Đóng cửa lúc 21:00,10.760419,106.6797582,1-100.000 ₫,,,0x31752feff588b0d1:0xbe9edb4e806b7e48
Phở Hà Thành,"113 Lạc Long Quân, Phường 3, Quận 11, Thành phố Hồ Chí Minh, Việt Nam",+84 967 613 175,4.4,Đang mở cửa ⋅ Đóng cửa lúc 21:00,10.7612714,106.6419694,1-100.000 ₫,,,0x31752f382949fc79:0x2c1807946db9532e
BAMI CÔ XÍU | Bánh Mì Ngon Cô Giang | Bánh Mì Ngon Quận 1,"163B Cô Bắc, Phường Cô Giang, Quận 1, Thành phố Hồ Chí Minh 700000, Việt Nam",+84 782 306 326,4.9,Đang mở cửa ⋅ Đóng cửa lúc 20:00,10.7628115,106.692527,1-100.000 ₫,,,0x31752f0040203303:0xc9cfdcb4c6dabe5d
Bánh Mì Bà Huynh (Madam Win),"197A Nguyễn Trãi, P, Quận 1, Thành phố Hồ Chí Minh 700000, Việt Nam",+84 1900 0322,4.6,Đang mở cửa ⋅ Đóng cửa lúc 23:00,10.7663085,106.6882492,1-100.000 ₫,,,0x31752f08f74359b5:0x7b7840c735067b3f
Bánh mì Út Thương,"145B Lê Thị Riêng, Phường Phạm Ngũ Lão, Quận 1, Thành phố Hồ Chí Minh 70000, Việt Nam",+84 937 396 392,4.8,Đang mở cửa ⋅ Đóng cửa lúc 21:00,10.7703597,106.6892484,1-100.000 ₫,,,0x31752f41359d407d:0xf23c276760f88a3c
"Bánh Mì Tuấn Mập 196 Pasteur, P. Võ Thị Sáu, Q.3, TP.HCM","196 Pasteur, Phường 6, Quận 3, Thành phố Hồ Chí Minh, Việt Nam",+84 909 506 588,4.3,Đang mở cửa ⋅ Đóng cửa lúc 20:00,10.7819576,106.6944753,1-100.000 ₫,,,0x31752f36d20e6387:0xf86ddfcaf67c68a4
Delicious Banh Mi Ngon (Charm Bakery),"Phường Phạm Ngũ Lão, Quận 1, Thành phố Hồ Chí Minh, Việt Nam",+84 916 171 739,4.8,Đang mở cửa ⋅ Đóng cửa lúc 17:00,10.7714437,106.6926695,1-100.000 ₫,,,0x31752f6f5afe88bb:0x101f3bec9390cc7a
Bánh Mì 362,"25 Trần Cao Vân, Đa Kao, Quận 1, Thành phố Hồ Chí Minh 70000, Việt Nam",+84 28 7300 0362,4.4,Đang mở cửa ⋅ Đóng cửa lúc 20:30,10.7838695,106.6974254,1-100.000 ₫,,,0x31752f35d62688cd:0x881f15a6babeedbe
Bánh Mì XANH - Bánh Mì Chay Thượng Hạng - 2B Trần Hưng Đạo,"2B Trần Hưng Đạo, Phường Phạm Ngũ Lão, Quận 1, Thành phố Hồ Chí Minh 71012, Việt Nam",+84 926 195 195,4.8,Mở cả ngày,10.7697542,106.6966615,1-100.000 ₫,,,0x31752f3ad57f9da3:0x1115db5ec4264aa5
Bánh mì Minh Châu,"114 Hoàng Diệu, Phường 13, Quận 4, Thành phố Hồ Chí Minh 700000, Việt Nam",+84 938 114 967,3.9,Đang mở cửa ⋅ Đóng cửa lúc 22:30,10.7639103,106.7041506,1-100.000 ₫,,,0x31752f07c7cf0a03:0x385091e9d98797dd
Bánh Mì 247 Premium,"73 Nguyễn Khắc Nhu, P, Quận 1, Thành phố Hồ Chí Minh 700000, Việt Nam",+84 926 666 692,4.9,Đang mở cửa ⋅ Đóng cửa lúc 21:00,10.7639753,106.6926541,1-100.000 ₫,,,0x31752f000e4a584f:0x6825c2e3536c544e
Bánh Mì Chấm Hung Tubes - Hai Bà Trưng,"315/18 Hai Bà Trưng, Phường Xuân Hoà, Quận 3, Thành phố Hồ Chí Minh 700000, Việt Nam",+84 326 763 772,4.6,Đang mở cửa ⋅ Đóng cửa lúc 21:00,10.789036,106.68968,1-100.000 ₫,,,0x31752f51d228449d:0x44777833e2c64223
Bánh Mì Oanh,"144 Lê Thánh Tôn, Phường Bến Thành, Quận 1, Thành phố Hồ Chí Minh, Việt Nam",+84 376 619 040,4.7,Đang mở cửa ⋅ Đóng cửa lúc 18:30,10.7735254,106.6978383,1-100.000 ₫,,,0x31752f38c8bbd6df:0x9f97fb8b5b40347a
Bánh Mì Mẹ Ỉn,"136/13 Lê Thánh Tôn, Phường Bến Thành, Quận 1, Thành phố Hồ Chí Minh 70000, Việt Nam",+84 985 960 559,4.7,Đang mở cửa ⋅ Đóng cửa lúc 21:30,10.7737815,106.6979967,100-200 N ₫,,,0x31752fd84249edf7:0x845e9b755a03fce4
Bánh mi Hanoi,"83 - 85 Đ. Nguyễn Thiện Thuật, Phường 2, Quận 3, Thành phố Hồ Chí Minh 71053, Việt Nam",+84 909 429 955,4.2,Đang mở cửa ⋅ Đóng cửa lúc 21:30,10.7671252,106.6808715,1-100.000 ₫,,,0x31752f1ddef26e19:0x22d45117192838b7
Bánh Mì Chim Chạy Minh Khai - Phường Phạm Ngũ Lão,"147D Nguyễn Thị Minh Khai, Phường Phạm Ngũ Lão, Quận 1, Thành phố Hồ Chí Minh 71012, Việt Nam",+84 901 845 545,4.2,Đang mở cửa ⋅ Đóng cửa lúc 20:00,10.7709786,106.6870884,1-100.000 ₫,,,0x31752fa94cf6a651:0xe7f8bf5f2af77fe6
Bánh Mì Huynh Hoa,"26 Lê Thị Riêng, Phường Phạm Ngũ Lão, Quận 1, Thành phố Hồ Chí Minh, Việt Nam",+84 962 455 517,4.1,Đang mở cửa ⋅ Đóng cửa lúc 22:00,10.7715226,106.6923968,1-100.000 ₫,,,0x31752f9a2b48b0f5:0x6a60bc45340de55c
Bánh mì Hà Nội,"151 Hoàng Diệu, Phường 9, Quận 4, Thành phố Hồ Chí Minh, Việt Nam",,4.5,Đang mở cửa ⋅ Đóng cửa lúc 21:00,10.7630622,106.7036196,1-100.000 ₫,,,0x31752f6b843c5e95:0xb274447a7fb5802e
Bánh Mì Oanh,"290 Lý Tự Trọng, Phường Bến Thành, Quận 1, Thành phố Hồ Chí Minh, Việt Nam",,4.8,Đã đóng cửa ⋅ Mở lúc 18:00,10.7716355,106.693424,1-100.000 ₫,,,0x31752f3c2300bcff:0xc36bfb5775ccdf96
Bánh mỳ chim chạy,"Nguyễn Thị Minh Khai/11\4 Q1, Bến Nghé, Quận 1, Thành phố Hồ Chí Minh 700000, Việt Nam",,4.2,Đang mở cửa ⋅ Đóng cửa lúc 22:00,10.7863618,106.7015104,1-100.000 ₫,,,0x31752fd242a96f7b:0x73eaee4cfc5b4843
"74 - Bánh Mì, Cafe & Tea","74/7 Hai Bà Trưng, Bến Nghé, Quận 1, Thành phố Hồ Chí Minh, Việt Nam",+84 28 3825 1676,4.6,Đang mở cửa ⋅ Đóng cửa lúc 22:00,10.7782431,106.7038875,100-200 N ₫,,,0x31752f04d394f1b3:0x664baa4679da8969
Bánh Mì XANH - Bánh Mì Chay Thượng Hạng - 15B Nguyễn Thị Minh Khai,"15B Nguyễn Thị Minh Khai, Bến Nghé, Quận 1, Thành phố Hồ Chí Minh 71006, Việt Nam",+84 926 193 193,4.7,Mở cả ngày,10.7859531,106.7011317,1-100.000 ₫,,,0x31752f3fb226c605:0x8e8cfa7e96d78a76
BAMI NGUYEN - BÁNH MÌ BƠ CỐM,"147 Cao Thắng, Phường 10, Quận 10, Thành phố Hồ Chí Minh, Việt Nam",+84 843 068 234,4.6,Đang mở cửa ⋅ Đóng cửa lúc 21:30,10.7732874,106.6782381,1-100.000 ₫,,,0x31752f001b5a825d:0xac5755fcc41e6202
Bánh Mì Lục Phát,"79/4 Bùi Thị Xuân, Phường Phạm Ngũ Lão, Quận 1, Thành phố Hồ Chí Minh, Việt Nam",+84 903 390 093,4.9,Đang mở cửa ⋅ Đóng cửa lúc 22:00,10.768323,106.687358,,,,0x31752f88eccf388b:0xabf88a73e413e19c
Bánh mì xíu mại chén,"Việt Nam, Thành phố Hồ Chí Minh, Quận 1, Tân Định, Trần Quý Khoách",,4.2,Đang mở cửa ⋅ Đóng cửa lúc 22:30,10.7934628,106.6894335,1-100.000 ₫,,,0x317529007b83ca47:0x1224ee65522268b1
Chuk Express - Bánh Mì Ơi - 55U Trần Quốc Thảo,"55U Trần Quốc Thảo, Phường 7, Quận 3, Thành phố Hồ Chí Minh 700000, Việt Nam",+84 788 272 625,3.7,Đang mở cửa ⋅ Đóng cửa lúc 22:00,10.7803507,106.6892044,1-100.000 ₫,,,0x31752ffb0dca65bb:0x50ebf8c53081f412
Bánh Mì Như Lan,"68 Hàm Nghi, Bến Nghé, Quận 1, Thành phố Hồ Chí Minh 700000, Việt Nam",+84 968 593 378,3.9,Đang mở cửa ⋅ Đóng cửa lúc 23:00,10.7711169,106.704177,1-100.000 ₫,,,0x31752f416b348db5:0xf0a1ac863e3e378e
Bánh Mì 110,"Số 110 Đ. Hoàng Văn Thụ, Phường 9, Phú Nhuận, Thành phố Hồ Chí Minh, Việt Nam",+84 938 318 702,4.1,Đang mở cửa ⋅ Đóng cửa lúc 22:30,10.7995362,106.677289,1-100.000 ₫,,,0x317528d7c46b8b9b:0xbe180e55cd5c2b58
Bánh Mì Grandma Lu’s Thái Văn Lung,"18 Thái Văn Lung, P, Quận 1, Thành phố Hồ Chí Minh 700000, Việt Nam",+84 865 087 008,4.8,,10.780079,106.703907,,,,0x31752fb583980821:0xb27024cc50efc8c3
Bánh Mì The One – Vietnamese Sandwich & Vegan Food,"234 Lý Tự Trọng, Phường Bến Thành, Quận 1, Thành phố Hồ Chí Minh 700000, Việt Nam",+84 832 864 111,4.9,Đang mở cửa ⋅ Đóng cửa lúc 17:00,10.7723259,106.6945746,1-100.000 ₫,,,0x31752fce14c0893f:0x293d0fc78c33785e
Bánh mì Tăng,"822 Nguyễn Trãi, Phường 14, Quận 5, Thành phố Hồ Chí Minh, Việt Nam",+84 909 889 236,4.5,Đang mở cửa ⋅ Đóng cửa lúc 23:30,10.7530213,106.6575395,1-100.000 ₫,,,0x31752fd94a25db63:0x69b2e265b807ed60
Bánh Mì Kim Dung lý thường kiệt,"118A Đ. Lý Thường Kiệt, Phường 6, Quận 10, Thành phố Hồ Chí Minh, Việt Nam",+84 903 874 768,4.2,Đang mở cửa ⋅ Đóng cửa lúc 0:00,10.7616106,106.6607547,1-100.000 ₫,,,0x31752eeef14d0d01:0x4e38da3a124ce2a1
Bánh Mì Kim Dung,"Lô I chung cư, Ngô Gia Tự Hoà Hảo, Phường 2, Quận 10, Thành phố Hồ Chí Minh, Việt Nam",+84 917 198 550,4.1,Đang mở cửa ⋅ Đóng cửa lúc 21:00,10.7628041,106.6730445,1-100.000 ₫,,,0x31752fbe84ee2a89:0x53ebbde5d9763c58
"Bánh Mì Yến - Bánh Mì Nướng Muối Ớt , Sốt Bơ Trứng","22/92 Đường Trần Bình Trọng, Phường 1, Quận 5, Thành phố Hồ Chí Minh, Việt Nam",+84 848 943 719,5.0,Đang mở cửa ⋅ Đóng cửa lúc 23:30,10.7532076,106.6825864,,,,0x31752f00382f2b83:0x3eba1bfa25906404
"Bánh Mì Cam ""Bánh mì Thịt Nướng""","43A Đ. Lý Thường Kiệt, Phường Minh Phụng, Quận 11, Thành phố Hồ Chí Minh 70000, Việt Nam",+84 931 888 300,5.0,Đang mở cửa ⋅ Đóng cửa lúc 20:00,10.7593856,106.6611161,1-100.000 ₫,,,0x31752f9a04840f15:0x89fd655cf053fe5e
Bánh mì chim chạy,"420 Nguyễn Tri Phương, Phường 4, Quận 10, Thành phố Hồ Chí Minh, Việt Nam",+84 901 845 545,4.6,Đang mở cửa ⋅ Đóng cửa lúc 23:00,10.7651257,106.6678431,1-100.000 ₫,,,0x31752f004a6e255b:0x8c104486398c1fc8
Bánh Mì 24,"68B Trần Nhân Tôn, Phường 2, Quận 10, Thành phố Hồ Chí Minh, Việt Nam",,4.2,Đang mở cửa ⋅ Đóng cửa lúc 21:30,10.7632148,106.6746838,1-100.000 ₫,,,0x31752ee18a646ea1:0xe33a5e775779850e
Lò Bánh Mì A.Toàn,"397 Đ. Phan Văn Trị, Phường 2, Quận 5, Thành phố Hồ Chí Minh, Việt Nam",+84 28 3836 3990,4.9,Đang mở cửa ⋅ Đóng cửa lúc 21:00,10.7553131,106.6768055,,,,0x31752f0285fe9fb5:0xdb442e2628521138
Bánh Mì 24 (24 Bakery),"74 Đ. Huỳnh Mẫn Đạt, Phường 2, Quận 5, Thành phố Hồ Chí Minh, Việt Nam",+84 933 326 109,4.5,Đang mở cửa ⋅ Đóng cửa lúc 21:00,10.7552234,106.6767234,1-100.000 ₫,,,0x31752fc3c388be1d:0xf345e9790a962a8d
Bánh Mì Huỳnh Gia,"255 Đ. Hồng Bàng, Phường 11, Quận 5, Thành phố Hồ Chí Minh, Việt Nam",+84 944 442 211,4.1,Đang mở cửa ⋅ Đóng cửa lúc 21:00,10.7549075,106.6616867,1-100.000 ₫,,,0x31752f7c2b145243:0xcb35e310d8656049
Dòn Bánh Mì - Nguyễn Văn Cừ,"213c Nguyễn Văn Cừ, Phường 2, Quận 5, Thành phố Hồ Chí Minh, Việt Nam",,5.0,Đang mở cửa ⋅ Đóng cửa lúc 19:00,10.7606356,106.6833411,,,,0x31752fd8fcb1bed5:0x14126d22e6f1e100
Lò bánh mì Triệu Hà Nội,"163 Đ. Tuy Lý Vương, Phường Xóm Củi, Quận 8, Thành phố Hồ Chí Minh, Việt Nam",+84 967 581 509,5.0,Đang mở cửa ⋅ Đóng cửa lúc 23:00,10.7431064,106.6536293,,,,0x31752fb2bdc3113d:0x6b4c67e4ee2176f4
Bánh mì gà An An,"593 Nguyễn Trãi, Phường 7, Quận 5, Thành phố Hồ Chí Minh, Việt Nam",+84 938 688 822,3.8,Đang mở cửa ⋅ Đóng cửa lúc 22:00,10.7539696,106.6668539,1-100.000 ₫,,,0x31752ef6a258d19f:0x837807b0e380604
Bánh mì chả cá Bin,"32 Đ. Lê Đại Hành, Phường 7, Quận 11, Thành phố Hồ Chí Minh, Việt Nam",+84 908 755 955,5.0,Đang mở cửa ⋅ Đóng cửa lúc 19:00,10.7588404,106.6592318,1-100.000 ₫,,,0x31752f0031315723:0x8f78ae587895305a
Bánh mì VIVU,"48 Hùng Vương, Phường 1, Quận 10, Thành phố Hồ Chí Minh 700000, Việt Nam",+84 766 070 379,5.0,Đang mở cửa ⋅ Đóng cửa lúc 19:30,10.7630355,106.677674,,,,0x31752f003ff0d133:0x7ef97fe37bf6627f
Bánh mì chảo Nguyễn Tiểu La,"123 Nguyễn Tiểu La, Phường 8, Quận 10, Thành phố Hồ Chí Minh, Việt Nam",,4.7,Đã đóng cửa ⋅ Mở lúc 6:00 Th 6,10.7624012,106.6665507,1-100.000 ₫,,,0x31752fa32e4a4ca1:0x64d5f87f3f54dde0
BÁNH MÌ QUE - PHAN VĂN TRỊ,"80 Phan Văn Trị, Phường 2, Quận 5, Thành phố Hồ Chí Minh, Việt Nam",+84 384 949 949,4.4,Đang mở cửa ⋅ Đóng cửa lúc 18:30,10.7573528,106.6828939,,,,0x31752f4daf63e183:0x7789b2645ac45b18
Bánh Mì Minh Tâm,"36 Âu Dương Lân, Phường Rạch Ông, Quận 8, Thành phố Hồ Chí Minh, Việt Nam",+84 909 591 894,5.0,Đang mở cửa ⋅ Đóng cửa lúc 0:00,10.747492,106.682018,,,,0x31752fa905c7e4cb:0xa29fd4522c7f31b4
Bánh Mì Siêu Pate Khanh Mai - Vietnamesisches Fleischsandwich,"46 Hùng Vương, Phường 1, Quận 10, Thành phố Hồ Chí Minh, Việt Nam",+84 339 128 284,5.0,Đang mở cửa ⋅ Đóng cửa lúc 21:30,10.7631715,106.6776538,,,,0x31752f003c9833c9:0xdf71614d7c513cf1
Gánh Bún Cơ Sở 2,"35 Hoàng Sa, Đa Kao, Quận 1, Thành phố Hồ Chí Minh 71007, Việt Nam",,4.9,Đang mở cửa ⋅ Đóng cửa lúc 21:00,10.791921,106.704273,1-100.000 ₫,,,0x3175298bf34f2e83:0xdcd33a83dfe51c49
Quán Ngon - Bún Chả Hà Nội,"209 Đề Thám, Phường Phạm Ngũ Lão, Quận 1, Thành phố Hồ Chí Minh 700000, Việt Nam",+84 971 718 888,4.8,Đang mở cửa ⋅ Đóng cửa lúc 22:30,10.7677147,106.6936689,1-100.000 ₫,,,0x31752f1f75a5d6c9:0x31330ea41b7be069
CHU GIA CƠM TẤM + BÚN CÁ KIÊN GIANG,"234 Lý Tự Trọng, Phường Bến Thành, Quận 1, Thành phố Hồ Chí Minh, Việt Nam",+84 977 774 979,4.9,Đang mở cửa ⋅ Đóng cửa lúc 20:30,10.772321,106.6945423,1-100.000 ₫,,,0x31752fcc55b2d71f:0xc10f3b2923da53d5
The Buns - Bún Chả Cá,"Hẻm 29, 29/11 Nguyễn Bỉnh Khiêm, Quận 1, Thành phố Hồ Chí Minh 700000, Việt Nam",+84 329 112 988,4.9,Đang mở cửa ⋅ Đóng cửa lúc 20:30,10.7891529,106.7027318,1-100.000 ₫,,,0x31752f73c4de5b2f:0x77a2344273a08a45
Bún Bò Huế - Bún Bò Thố Đá - Phở Bò - CuliQuan,"K32 Đ. cư xá Vĩnh Hội, Khu phố 1, Quận 4, Thành phố Hồ Chí Minh, Việt Nam",+84 334 560 273,4.9,Đang mở cửa ⋅ Đóng cửa lúc 21:00,10.7612759,106.6998377,1-100.000 ₫,,,0x31752f28910f8975:0x60316bf27ae8cb5e
Bún Bò Huế Mỡ Nổi Cô Như,"274/29 Võ Văn Tần, Phường 5, Quận 3, Thành phố Hồ Chí Minh, Việt Nam",+84 937 937 818,4.4,Đang mở cửa ⋅ Đóng cửa lúc 20:00,10.7725252,106.6855406,1-100.000 ₫,,,0x31752f776216d891:0x69d47584d9fed9ae
Bún Riêu Nhà,"63B Trần Quốc Thảo, Phường Võ Thị Sáu, Quận 3, Thành phố Hồ Chí Minh, Việt Nam",+84 984 711 332,4.5,Đang mở cửa ⋅ Đóng cửa lúc 22:00,10.7807222,106.6887933,1-100.000 ₫,,,0x31752fd50aa98e5f:0xf6262f15d8514b97
Bún Bò Viên Má Dậu,"149/13 Lê Thị Riêng, Phường Phạm Ngũ Lão, Quận 1, Thành phố Hồ Chí Minh 700000, Việt Nam",+84 909 336 616,4.8,Đang mở cửa ⋅ Đóng cửa lúc 20:00,10.7697676,106.6894723,1-100.000 ₫,,,0x31752f3d255e214b:0x2547f170a28881ed
Tiệm chị Ba,"177 ter Cách Mạng Tháng Tám, Phường 5, Quận 3, Thành phố Hồ Chí Minh 70000, Việt Nam",+84 925 662 439,4.8,Sắp đóng cửa ⋅ 14:00 ⋅ Mở lúc 7:00 Th 6,10.7745382,106.6872917,1-100.000 ₫,,,0x31752f95c74fa39b:0xc3d634d861cf1655
Bún Bò Viên Cô Hoa Vườn Chuối,"116/1 Đ. Vườn Chuối, Phường 4, Quận 3, Thành phố Hồ Chí Minh 700000, Việt Nam",+84 908 268 116,4.3,Đang mở cửa ⋅ Đóng cửa lúc 21:30,10.7741314,106.6829136,1-100.000 ₫,,,0x31752f2405fa7b67:0x2cf108693c14c780
Bún Bò Huế Duyên Mai Quận 4,"cổng, Bến Vân Đồn/132 Nguyễn Hữu Hào, Phường 9, Quận 4, Thành phố Hồ Chí Minh, Việt Nam",+84 703 437 118,4.6,Đang mở cửa ⋅ Đóng cửa lúc 21:30,10.763074,106.6997636,100-200 N ₫,,,0x31752f4a84fe7869:0xd908baac2eac2ce1
Bún Bò Hẻm,"134/11 Lý Chính Thắng, Phường Võ Thị Sáu, Quận 3, Thành phố Hồ Chí Minh, Việt Nam",,4.8,Sắp đóng cửa ⋅ 14:00 ⋅ Mở cửa lại vào 16:00,10.7876214,106.6844566,1-100.000 ₫,,,0x317528d2bce1aea5:0xbc04850595c74c2b
Bún bò cô Cúc,"209/22 Đ. Lê Văn Sỹ, Phường 12, Quận 3, Thành phố Hồ Chí Minh, Việt Nam",,4.9,Đang mở cửa ⋅ Đóng cửa lúc 18:00,10.7863739,106.6793213,,,,0x31752f0f679b08fb:0xafb90a1b80138ec5
Bún bò Gốc Huế - O Bích,"384/11 Nam Kỳ Khởi Nghĩa, Phường Võ Thị Sáu, Q3, Thành phố Hồ Chí Minh, Việt Nam",+84 945 860 740,4.9,Sắp đóng cửa ⋅ 14:00 ⋅ Mở cửa lại vào 16:00,10.7913307,106.6831188,1-100.000 ₫,,,0x317529c104dafc03:0x52c849c6d9da4b0d
"Quán bún riêu, canh bún, bún bò","116 Nguyễn Gia Thiều, Phường 6, Quận 3, Thành phố Hồ Chí Minh, Việt Nam",+84 903 067 672,4.9,Đang mở cửa ⋅ Đóng cửa lúc 18:00,10.7790137,106.6897792,,,,0x31752f5478a8a537:0xe1d1004dfbff2cfe
Bún Bò Khô Tân Định,"QMRR+29P, Nguyễn Hữu Cầu, Phường Tân Định, Quận 1, Thành phố Hồ Chí Minh, Việt Nam",,5.0,Đang mở cửa ⋅ Đóng cửa lúc 20:00,10.7900802,106.6909421,1-100.000 ₫,,,0x3175293121bbcd8d:0xb59ee5f9f0aaa8df
Ả Đào Quán Bún Riêu Cua Hà Nội,"491/45 Nguyễn Đình Chiểu, Phường 2, Quận 3, Thành phố Hồ Chí Minh, Việt Nam",+84 964 363 329,4.5,Đang mở cửa ⋅ Đóng cửa lúc 17:00,10.7681515,106.6824684,1-100.000 ₫,,,0x31752fd9dd1dc1c1:0xb01537f0611f08bc
Bún Đậu Mắm Tôm Quán No,"26/24/24 Đỗ Quang Đẩu, Phường Phạm Ngũ Lão, Quận 1, Thành phố Hồ Chí Minh 71000, Việt Nam",+84 936 426 768,4.9,Đang mở cửa ⋅ Đóng cửa lúc 21:00,10.7669076,106.691513,1-100.000 ₫,,,0x317527d6834570d7:0x622dade55f9e6165
"Bún bò Huế Kim Hương quận 3 , đuôi bò , lẩu xí quách ngon","17 Rạch Bùng Binh, Phường 9, Quận 3, Thành phố Hồ Chí Minh, Việt Nam",+84 938 551 717,4.4,Đang mở cửa ⋅ Đóng cửa lúc 22:30,10.7799818,106.6790377,1-100.000 ₫,,,0x31752f595de18417:0x8d83da188696c9f3
Quán việt thị nghè-Bún Bò Gốc Huế,"15 Huỳnh Tịnh Của, Phường 19, Bình Thạnh, Thành phố Hồ Chí Minh, Việt Nam",+84 906 440 180,4.7,Đang mở cửa ⋅ Đóng cửa lúc 21:00,10.7917939,106.7096393,1-100.000 ₫,,,0x317529c7f4ab6205:0x3a1e5bd072180c9e
Bún chả cá Nha Trang VY,"124 Đ. Nguyễn Đình Chính, phường 8, Phú Nhuận, Thành phố Hồ Chí Minh, Việt Nam",+84 987 227 790,5.0,Đang mở cửa ⋅ Đóng cửa lúc 18:00,10.7955858,106.678179,1-100.000 ₫,,,0x317529ad9d66f54d:0x9235c1836f525f00
Bún đậu A Tòn,"53 Nguyễn Cửu Vân, Phường 17, Bình Thạnh, Thành phố Hồ Chí Minh 72300, Việt Nam",+84 374 535 517,4.8,Đang mở cửa ⋅ Đóng cửa lúc 22:00,10.795345,106.707932,1-100.000 ₫,,,0x3175299be5a4ff6f:0xff13afc2be4f9171
Mì Quảng & Bún Chả Cá & Bún Mắm Nêm Đà Nẵng,"99 Đ. Vạn Kiếp, Phường 1, Bình Thạnh, Thành phố Hồ Chí Minh, Việt Nam",+84 906 192 454,4.5,Đang mở cửa ⋅ Đóng cửa lúc 23:00,10.798978,106.69367,1-100.000 ₫,,,0x3175299ac98a6c3f:0x97ea7f64987386a4
Bún Quậy Tâm Quán - Phan Đình Phùng,"311 Đ. Phan Đình Phùng, Phường 15, Phú Nhuận, Thành phố Hồ Chí Minh 700000, Việt Nam",+84 938 264 214,4.4,Sắp đóng cửa ⋅ 13:30 ⋅ Mở cửa lại vào 15:45,10.7979858,106.6806731,1-100.000 ₫,,,0x317529dc480e395b:0x82ad6cd40c6eb5da
Bún riêu canh bún 30- CN Nguyễn Trọng Tuyển,"220/19 Nguyễn Trọng Tuyển, Phường 8, Phú Nhuận, Thành phố Hồ Chí Minh, Việt Nam",+84 365 078 065,4.6,Đang mở cửa ⋅ Đóng cửa lúc 20:00,10.798703,106.673864,1-100.000 ₫,,,0x317529f0acb04c4b:0x318b3515e26e0b32
Bún chả (gia truyền Hà nội tại Sài Gòn),"14a Đ. Lê Văn Duyệt, Phường 1, Bình Thạnh, Thành phố Hồ Chí Minh, Việt Nam",+84 794 701 774,4.3,Đang mở cửa ⋅ Đóng cửa lúc 22:00,10.7944789,106.6961788,1-100.000 ₫,,,0x317529ab76268967:0x2dc20301112135bf
Bún Bò Huế Nam Giao - Since 1991,"242 Đề Thám, Phường Phạm Ngũ Lão, Quận 1, Thành phố Hồ Chí Minh 10000, Việt Nam",+84 28 3836 9446,4.4,Đang mở cửa ⋅ Đóng cửa lúc 23:00,10.768023,106.693866,1-100.000 ₫,,,0x31752fcf008d5f09:0xffc76ac00ce9e273
Bún Bò Thố Đá Bếp Ông Lập - Trần Phú,"292B Trần Phú, Phường 3, Quận 5, Thành phố Hồ Chí Minh, Việt Nam",+84 1900 999973,4.8,Đang mở cửa ⋅ Đóng cửa lúc 21:30,10.7564557,106.67301,1-100.000 ₫,,,0x31752f78d3e916d7:0xfad9616d75ef7c2c
Bún Mắm Cô Tư Miền Tây - Bùi Minh Trực,"Bún Mắm Cô Tư Miền Tây, 112/12a Bùi Minh Trực, Phường 5, Quận 8, Thành phố Hồ Chí Minh 700000, Việt Nam",+84 775 678 089,5.0,Đang mở cửa ⋅ Đóng cửa lúc 15:00 ⋅ Mở lại vào 17:00,10.7394069,106.6597951,1-100.000 ₫,,,0x31752f5d195f9203:0x5ef9724037aabbea
Quán 36 Bún chả Hà Nội,"Hẻm 666/46 Đ. 3 Tháng 2, Phường 14, Quận 10, Thành phố Hồ Chí Minh, Việt Nam",+84 969 560 541,4.8,Đang mở cửa ⋅ Đóng cửa lúc 21:00,10.7668203,106.6608702,1-100.000 ₫,,,0x31752f51d58af36b:0x10c4b82baade4849
Bún Quậy Tâm Quán - Bình Thới,"175 Đ. Bình Thới, Phường 10, Quận 11, Thành phố Hồ Chí Minh 700000, Việt Nam",+84 903 816 023,4.7,Sắp đóng cửa ⋅ 13:30 ⋅ Mở cửa lại vào 15:45,10.7651015,106.6463888,1-100.000 ₫,,,0x31752f810714585d:0x9cfd66078a13ba87
Bún chả sứa Hoàng Phúc,"chung cư, lô F/037 Ngô Gia Tự, Phường 2, Quận 10, Thành phố Hồ Chí Minh, Việt Nam",,5.0,Sắp đóng cửa ⋅ 14:00 ⋅ Mở lúc 6:00 Th 6,10.7634498,106.6722098,,,,0x31752fe2d39be519:0x3540bc93eda175c8
Bún Bò Cô Hạnh,"192 Hà Tôn Quyền, Phường 7, Quận 11, Thành phố Hồ Chí Minh, Việt Nam",+84 349 171 873,4.3,Đang mở cửa ⋅ Đóng cửa lúc 22:00,10.758805,106.6527838,1-100.000 ₫,,,0x31752f762d18603b:0x1ec50977a90d4e29
Bún Thái Út Nhất,"Lô E Chung Cư Ấn, Quang F9 Q10, Phường 9, Quận 10, Thành phố Hồ Chí Minh 70000, Việt Nam",+84 913 393 813,4.9,Đã đóng cửa ⋅ Mở lúc 15:00,10.7648449,106.6707342,1-100.000 ₫,,,0x31752f7cb53435f5:0x85fc0827777140ac
Bún Đậu Tràng An,"49 Đ. Nguyễn Duy Dương, Phường 7, Quận 5, Thành phố Hồ Chí Minh, Việt Nam",,4.8,Đang mở cửa ⋅ Đóng cửa lúc 21:00,10.7562752,106.6717209,1-100.000 ₫,,,0x31752feb04cc0e83:0x17100269d6c235d0
BÚN BÒ PHƯƠNG NGỌC,"384 Hoà Hảo, Phường 8, Quận 10, Thành phố Hồ Chí Minh 700000, Việt Nam",+84 886 384 384,4.5,Đang mở cửa ⋅ Đóng cửa lúc 22:00,10.7617682,106.6675366,1-100.000 ₫,,,0x31752fcfd4190f09:0x92a9d26fdbe920d1
Bún Quậy Tâm Quán - Hậu Giang,"162B Đ. Hậu Giang, Phường 2, Quận 6, Thành phố Hồ Chí Minh 700000, Việt Nam",+84 904 218 934,4.6,Sắp đóng cửa ⋅ 13:30 ⋅ Mở cửa lại vào 15:45,10.7499318,106.6441321,1-100.000 ₫,,,0x31752fed73c83097:0xaa04a876ebd5f1be
Bún Quậy Tâm Quán - Nguyễn Tri Phương,"210 Nguyễn Tri Phương, Phường 4, Quận 10, Thành phố Hồ Chí Minh 700000, Việt Nam",+84 898 577 783,4.4,Sắp đóng cửa ⋅ 13:30 ⋅ Mở cửa lại vào 15:45,10.761022,106.6688549,1-100.000 ₫,,,0x31752fd48d869ff5:0x92de7f536bf58948
Bún Măng Bò Bà Dzú,"043Lô B chung cư, Ấn Quang, Quận 10, Thành phố Hồ Chí Minh, Việt Nam",+84 937 274 292,4.4,Đang mở cửa ⋅ Đóng cửa lúc 21:00,10.765716,106.670803,1-100.000 ₫,,,0x31752fcbd1896cc9:0xe7a6a707d15acaad
Bún Thịt Xào - Bún Thịt Nướng Út Thu,"629/87 Nguyễn Đình Chiểu, Phường 2, Quận 3, Thành phố Hồ Chí Minh, Việt Nam",+84 988 577 963,5.0,Đang mở cửa ⋅ Đóng cửa lúc 18:00,10.766186,106.6807688,1-100.000 ₫,,,0x31752f9de6c4def3:0xf5fb998288f1aed1
Bún riêu tôm khô (Hẻm 209),"Hẻm 209 Nguyễn Kim, Phường 6, Quận 10, Thành phố Hồ Chí Minh, Việt Nam",+84 973 575 957,4.2,Đang mở cửa ⋅ Đóng cửa lúc 15:00,10.7636817,106.6615613,1-100.000 ₫,,,0x31752fda74bac2c9:0xdfc4c21425b7b9cd
Nhà Bún Đậu - bún đậu 46k,"23A Đ. Trần Hòa, Phường 11, Quận 5, Thành phố Hồ Chí Minh 70000, Việt Nam",+84 776 006 256,4.7,Đang mở cửa ⋅ Đóng cửa lúc 21:30,10.7514537,106.6627048,1-100.000 ₫,,,0x31752f0ea26ffcf1:0x948a56493207bcff
Bún Bò O Huế,"Cư Xá Đường Sắt/290/81 Lý Thái Tổ, Phường 1, Quận 3, Thành phố Hồ Chí Minh, Việt Nam",+84 966 897 246,4.4,Đang mở cửa ⋅ Đóng cửa lúc 21:00,10.767768,106.6761353,1-100.000 ₫,,,0x31752f8fc814f4e3:0x52014ab51c0d1dff
Bún cá Yến Nha Trang,"410 - 412 An Dương Vương, Phường 4, Quận 5, Thành phố Hồ Chí Minh 700000, Việt Nam",+84 949 992 626,4.0,Đang mở cửa ⋅ Đóng cửa lúc 22:00,10.758968,106.6774315,1-100.000 ₫,,,0x31752f1d429db6a9:0x6dbe63a2c1e7366e
NHÀ BÚN ĐẬU,"335 Đ. Phạm Văn Chí, Phường 1, Quận 6, Thành phố Hồ Chí Minh, Việt Nam",+84 902 456 838,4.6,Đang mở cửa ⋅ Đóng cửa lúc 21:00,10.7434974,106.6447795,1-100.000 ₫,,,0x31752f8fcf8e6503:0x41ed8099a2103f44
Hảo Quán - Bún đậu Hà Nội,"193/16 Bà Hạt, Phường 9, Quận 10, Thành phố Hồ Chí Minh, Việt Nam",+84 973 131 188,4.5,Đang mở cửa ⋅ Đóng cửa lúc 22:00,10.7654186,106.6704518,1-100.000 ₫,,,0x31752fc084f94319:0x21e5b270e35a6c13
Bánh kem ít ngọt SG - Hoa Tươi Giá Rẻ,"23 Phan Văn Hân, Phường 19, Bình Thạnh, Thành phố Hồ Chí Minh, Việt Nam",+84 335 894 088,4.9,Đang mở cửa ⋅ Đóng cửa lúc 23:30,10.7924619,106.7080576,100-200 N ₫,,,0x31752900475e8331:0x2df8f59bee285a8a
TIỆM BÁNH PARIS GATO|BÁNH KEM NGON QUẬN 3,"592 Nguyễn Đình Chiểu, Phường 4, Quận 3, Thành phố Hồ Chí Minh, Việt Nam",+84 356 098 888,4.4,Mở cả ngày,10.7703027,106.682157,1-100.000 ₫,,,0x31752fd31cb11d73:0xf3f58b2378f6f436
Tiệm Bánh LaLa,"252 Cô Bắc, Phường Cô Giang, Quận 1, Thành phố Hồ Chí Minh 700000, Việt Nam",+84 918 467 751,4.6,Đang mở cửa ⋅ Đóng cửa lúc 22:00,10.7633525,106.6928795,,,,0x31752f279d7e7837:0x35e6ca90aa1fceab
TOUS les JOURS - Hai Bà Trưng,"180 Hai Bà Trưng, Đa Kao, Quận 1, Thành phố Hồ Chí Minh 700000, Việt Nam",+84 28 3823 8302,4.2,Đang mở cửa ⋅ Đóng cửa lúc 22:00,10.786229,106.694325,1-100.000 ₫,,,0x31752f347770228b:0x5787a61fe0bf3aba
Tiệm Bánh Ngọt Phương Loan,"185F Đ. Cống Quỳnh, Phường Nguyễn Cư Trinh, Quận 1, Thành phố Hồ Chí Minh, Việt Nam",+84 386 088 742,4.8,Đang mở cửa ⋅ Đóng cửa lúc 23:00,10.7664906,106.6883783,1-100.000 ₫,,,0x31752f00190c65a1:0x4eec56b77319b5aa
Tiệm Bánh Kem Bảo Linh,"9 Nguyễn Hữu Cầu, Phường Tân Định, Quận 1, Thành phố Hồ Chí Minh 70000, Việt Nam",+84 397 996 402,4.4,Mở cả ngày,10.79149,106.6915058,1-100.000 ₫,,,0x3175295dad7945d3:0xc1ddb823bc02a5c5
Tiệm bánh Lam Lam,"Đ. Nguyễn Văn Trỗi, Phường 11, Phú Nhuận, Thành phố Hồ Chí Minh 10000, Việt Nam",+84 933 898 991,4.9,Đang mở cửa ⋅ Đóng cửa lúc 20:00,10.7929679,106.6794172,,,,0x317529c353ef9599:0xf88e1975a3ca7965
Bư Bakery - Tiệm bánh thủ công,"27 Đinh Công Tráng, P, Quận 1, Thành phố Hồ Chí Minh 700000, Việt Nam",,4.8,Đang mở cửa ⋅ Đóng cửa lúc 21:00,10.7897891,106.6917688,1-100.000 ₫,,,0x3175288c94b1b22b:0x7725ca9c45dcfec1
Tiệm Bánh Kem Minh Hương,"345/56 Trần Hưng Đạo, Cầu Kho, Quận 1, Thành phố Hồ Chí Minh 700000, Việt Nam",+84 903 707 560,4.5,Đang mở cửa ⋅ Đóng cửa lúc 20:00,10.7601175,106.6893717,,,,0x31752efc0193c1e1:0xd157a06fff64a663
Choco Bakery | Tiệm Bánh Quận 3 | Bánh Kem Quận 3,"148 Trần Quốc Thảo, Phường 14, Quận 3, Thành phố Hồ Chí Minh, Việt Nam",+84 993 342 888,4.7,Đang mở cửa ⋅ Đóng cửa lúc 23:30,10.7852922,106.6827966,1-100.000 ₫,,,0x3174c10000c64f89:0x46f0677519b7f9c5
Tiệm bánh Kem Bông,"214G Nguyễn Trãi, Phường Nguyễn Cư Trinh, Quận 1, Thành phố Hồ Chí Minh, Việt Nam",+84 906 390 630,4.7,Mở cả ngày,10.762882,106.6866339,1-100.000 ₫,,,0x31752f8c552160e7:0x669da6621e0c62d4
Ivoire Pastry Boutique,"28 Cao Bá Quát, Bến Nghé, Quận 1, Thành phố Hồ Chí Minh 700000, Việt Nam",+84 966 595 857,4.6,Đang mở cửa ⋅ Đóng cửa lúc 19:00,10.7779101,106.7039685,,,,0x31752fcb051be2cd:0x2c823b361ddf3c53
The Vagabond Trần Cao Vân,"9 Trần Cao Vân, Đa Kao, Quận 1, Thành phố Hồ Chí Minh, Việt Nam",+84 931 224 334,4.7,Đang mở cửa ⋅ Đóng cửa lúc 21:30,10.7847961,106.6981835,100-200 N ₫,,,0x317528cd75edad03:0xaa585916800955ba
LE SUCRÉ - Tiệm bánh Pháp Robin Mouquet.R,"17 Lê Duẩn, Phường, Quận 1, Thành phố Hồ Chí Minh 70000, Việt Nam",+84 28 3824 1555,4.9,Đang mở cửa ⋅ Đóng cửa lúc 20:30,10.7840115,106.7024699,,,,0x31752fc24d40e03d:0xc54c427583676305
TOUS les JOURS - Trần Hưng Đạo,"59 Trần Hưng Đạo, Phường Nguyễn Thái Bình, Quận 1, Thành phố Hồ Chí Minh, Việt Nam",+84 28 3914 4350,4.1,Đang mở cửa ⋅ Đóng cửa lúc 22:30,10.7691615,106.6967508,1-100.000 ₫,,,0x31752f3e4c189381:0xdf5b7cebb79e9383
TIỆM BÁNH SU SU,"207 Đ. Nguyễn Thiện Thuật, Phường 1, Quận 3, Thành phố Hồ Chí Minh, Việt Nam",+84 835 511 666,5.0,Mở cả ngày,10.7687457,106.6788244,,,,0x31752f9337ff4cb3:0x60281ee4f9c6f158
Tiệm Bánh Thành Phát,"38 Nguyễn Hữu Cầu, Phường Tân Định, Quận 1, Thành phố Hồ Chí Minh, Việt Nam",+84 903 999 208,4.6,Đang mở cửa ⋅ Đóng cửa lúc 20:00,10.7910253,106.6910056,,,,0x317528cce065fbc1:0xeb0060539f0fcc81
TOUS les JOURS - Nguyễn Thị Minh Khai,"187 Nguyễn Thị Minh Khai, Phường Phạm Ngũ Lão, Quận 1, Thành phố Hồ Chí Minh, Việt Nam",+84 28 3925 1908,4.1,Đang mở cửa ⋅ Đóng cửa lúc 22:00,10.769845,106.686201,1-100.000 ₫,,,0x31752f22eefe1477:0x882a223aa6c2325f
Bơ by Butterman,"67 Lê Thị Riêng, Phường Phạm Ngũ Lão, Quận 1, Thành phố Hồ Chí Minh, Việt Nam",+84 909 812 090,4.7,Đang mở cửa ⋅ Đóng cửa lúc 22:00,10.7711063,106.6911029,1-100.000 ₫,,,0x31752f74287f2e57:0xeb0e77be4225ea22
The 350F - Nguyễn Trãi,"36 Nguyễn Trãi, Phường Phạm Ngũ Lão, Quận 1, Thành phố Hồ Chí Minh, Việt Nam",+84 707 636 393,4.5,Đang mở cửa ⋅ Đóng cửa lúc 23:00,10.7709093,106.6924072,,,,0x31752921afb40763:0x8386cc39cda734c0
Mùi Cake,"490/12 Đ. Lê Văn Sỹ, Phường 14, Quận 3, Thành phố Hồ Chí Minh, Việt Nam",+84 817 948 794,5.0,Đang mở cửa ⋅ Đóng cửa lúc 21:30,10.7899792,106.6749904,100-200 N ₫,,,0x317525cbec9e8fc7:0x8d39aa0c4139275
Bánh su kem Singapore sinh nhật - Bánh sinh nhật Choco,"52 Hoa Lan, Phường 7, Phú Nhuận, Thành phố Hồ Chí Minh, Việt Nam",+84 776 708 098,4.8,Đang mở cửa ⋅ Đóng cửa lúc 20:00,10.7969358,106.6909074,600-700 N ₫,,,0x3175291107fe7861:0xd9b5180776d512b8
Tiệm Bánh Hương Phúc,"28 Nguyễn Trọng Tuyển, Phường 15, Phú Nhuận, Thành phố Hồ Chí Minh, Việt Nam",+84 988 996 846,4.8,Đang mở cửa ⋅ Đóng cửa lúc 21:00,10.797273,106.6804249,,,,0x317528d6eaff0101:0x31f73c4305b6963f
Tiệm Bánh Givral,"98 Đ. Nguyễn Văn Trỗi, Phường 8, Phú Nhuận, Thành phố Hồ Chí Minh, Việt Nam",+84 28 3845 8601,4.1,Đang mở cửa ⋅ Đóng cửa lúc 21:00,10.7967165,106.6739203,$$,,,0x3175292985bf48ed:0x7792893322aa6bcf
"TIỆM BÁNH MINH NHẬT | BÁNH NGỌT, BÁNH KEM QUẬN 3","52 Đ. Vườn Chuối, Phường 4, Quận 3, Thành phố Hồ Chí Minh, Việt Nam",+84 392 656 690,4.5,Đang mở cửa ⋅ Đóng cửa lúc 22:30,10.7731656,106.683302,,,,0x31752fb5e744ab61:0xe719c50477f4489e
BÁNH KEM PiNK BAKERY - Tiệm Bánh Ngon - ít Ngọt,"350 Trần Phú, Phường 7, Quận 5, Thành phố Hồ Chí Minh 70000, Việt Nam",+84 965 751 868,4.9,Đang mở cửa ⋅ Đóng cửa lúc 23:30,10.753477799999999,106.6693876,1-100.000 ₫,,,0x31752f0020b30b4d:0x94361de91b7c20c1
Tiệm bánh Mít Tơ Tui,"374/12 Lê Hồng Phong, Phường 1, Quận 10, Thành phố Hồ Chí Minh 700000, Việt Nam",+84 848 453 565,4.8,Đang mở cửa ⋅ Đóng cửa lúc 22:00,10.7641858,106.67623449999999,,,,0x3175293c8c990b3b:0xb0ef0837cf06d7f3
Grand Castella - Bánh Bông Lan Đài Loan - Bánh Kem Bơ - Bánh Sinh Nhật,"376 Nguyễn Tri Phương, Phường 4, Quận 10, Thành phố Hồ Chí Minh 70000, Việt Nam",+84 901 862 594,4.9,Đang mở cửa ⋅ Đóng cửa lúc 22:30,10.7642144,106.6680449,,,,0x31752fc11044f7bd:0xa98c12734d4511bf
BỐI CAKE - Quận 5 - Không Chi Nhánh,"671/1 Nguyễn Trãi, Phường 11, Quận 5, Thành phố Hồ Chí Minh, Việt Nam",+84 908 838 687,4.8,Đang mở cửa ⋅ Đóng cửa lúc 18:30,10.7529449,106.6621382,,,,0x31752ef72da9aeef:0x399d9b2e6c3372b3
Tiệm Bánh Hòa Ký,"134 Trần Quý, Phường 7, Quận 11, Thành phố Hồ Chí Minh, Việt Nam",+84 909 154 630,4.7,Đang mở cửa ⋅ Đóng cửa lúc 19:30,10.759075099999999,106.6550113,1-100.000 ₫,,,0x31752eed7d76d61f:0xdeb4859e5175d6b
THIÊN TÀI BÁNH 4.0 CS1 | BÁNH KEM NGON QUẬN 10,"59 Lý Thái Tổ, Phường 1, Quận 10, Thành phố Hồ Chí Minh, Việt Nam",+84 586 258 888,4.2,Mở cả ngày,10.7669109,106.67650309999999,1-100.000 ₫,,,0x31752f0c10016ba7:0xf270fd5cc10fc6e9
Bánh Kem Bi Bo Quận 6,"86 Đ. Lê Quang Sung, Phường 2, Quận 6, Thành phố Hồ Chí Minh, Việt Nam",+84 869 598 889,4.4,Đang mở cửa ⋅ Đóng cửa lúc 23:00,10.7512216,106.6478379,,,,0x31752f00536d20fd:0x27f9ddfd5f4247e4
ABC Bakery (CN Nguyễn Trãi).,"227 Nguyễn Trãi, Phường 2, Quận 5, Thành phố Hồ Chí Minh, Việt Nam",+84 28 3923 6117,4.3,Đang mở cửa ⋅ Đóng cửa lúc 22:00,10.756642399999999,106.6770353,1-100.000 ₫,,,0x31752f02a23486d5:0x50a9e8470f348129
Tiệm Bánh Vũ Gia | Bánh Kem Quận 5| Bánh Sinh Nhật Quận 5,"848 Nguyễn Trãi, Phường 14, Quận 5, Thành phố Hồ Chí Minh, Việt Nam",+84 904 510 686,4.6,Mở cả ngày,10.753051899999999,106.65695339999999,,,,0x31752f5c5f67eb5b:0x26306c1753a43d03
Tiệm bánh kẹo người Hoa - Minh Hiệp,"123/23 Đ.Bình Tây, Phường 1, Quận 6, Thành phố Hồ Chí Minh, Việt Nam",+84 28 3855 7134,4.7,Đang mở cửa ⋅ Đóng cửa lúc 19:00,10.747233699999999,106.6500038,200-300 N ₫,,,0x31752e603ee22613:0x415ab8989b4b50c9
Tiệm Bánh Hồng Phát,"236/25 Hoà Hảo, Phường 2, Quận 10, Thành phố Hồ Chí Minh, Việt Nam",+84 932 113 120,4.6,Đang mở cửa ⋅ Đóng cửa lúc 18:00,10.7627957,106.6714602,1-100.000 ₫,,,0x31752d69e83f8a8d:0x664441b514f6c2ef
TOUS les JOURS - Hậu Giang,"231 Đ. Hậu Giang, Phường 2, Quận 6, Thành phố Hồ Chí Minh 700000, Việt Nam",+84 28 6295 5550,4.3,Đang mở cửa ⋅ Đóng cửa lúc 21:30,10.749591299999999,106.64420589999999,$$,,,0x31752e89cea72e5d:0x2d6dd67af72b29ca
Hỷ Lâm Môn Bakery - Nguyễn Trãi,"548-550 Nguyễn Trãi, Phường 7, Quận 5, Thành phố Hồ Chí Minh 700000, Việt Nam",+84 916 287 050,4.3,Đang mở cửa ⋅ Đóng cửa lúc 21:30,10.7542153,106.66770989999999,$$,,,0x31752efbbe07fca3:0x972a9e1d1067e83f
Dibu Bakery,"19/2 Hùng Vương, Phường 4, Quận 5, Thành phố Hồ Chí Minh 700000, Việt Nam",,4.8,Đang mở cửa ⋅ Đóng cửa lúc 19:30,10.7637995,106.67956699999999,,,,0x31752551e5e0e9a5:0xc7c55bb121572d3b
Minsu bakery | Tiệm Bánh Quận 5,"207a Đ. Nguyễn Biểu, Phường 2, Quận 5, Thành phố Hồ Chí Minh, Việt Nam",+84 934 633 456,3.8,Mở cả ngày,10.757213199999999,106.6831412,1-100.000 ₫,,,0x31752f78d560b605:0xa98d2184cfe1a694
Paris Baguette Cao Thắng,"01 Cao Thắng, Phường 2, Quận 3, Thành phố Hồ Chí Minh 70000, Việt Nam",,4.2,Đang mở cửa ⋅ Đóng cửa lúc 22:00,10.7681808,106.68404389999999,100-200 N ₫,,,0x31752f22762451c9:0x6c1750fad6fdcbd4
Tiệm Bánh Trang Ký,"195/80 Phó Cơ Điều, Phường 7, Quận 11, Thành phố Hồ Chí Minh, Việt Nam",+84 28 3856 0277,4.8,Đang mở cửa ⋅ Đóng cửa lúc 21:00,10.7615194,106.65678919999999,,,,0x31752fad989d8bfb:0xd5717e72195b490a
Hỷ Lâm Môn Bakery,"Đ. Âu Cơ, Phường 14, Quận 11, Thành phố Hồ Chí Minh 744003, Việt Nam",+84 901 962 028,4.5,Đang mở cửa ⋅ Đóng cửa lúc 22:00,10.7697363,106.6513133,$$,,,0x31752eed9521cb53:0x19dd29d492214160
Bánh Kem Thảo Nguyên Sài Gòn,"1 Lô 29 Phạm Thế Hiển, Phường 4, Quận 8, Thành phố Hồ Chí Minh, Việt Nam",+84 988 813 656,4.2,Đang mở cửa ⋅ Đóng cửa lúc 22:00,10.743587999999999,106.669445,,,,0x31752f0a376e4a91:0xc8e58e623b4988eb
